code,Shape
:puÃ±o_hacia_la_derecha:,ğŸ¤œ
:bandera_islas_marianas_del_norte:,ğŸ‡²ğŸ‡µ
:gÃ©minis:,â™Š
:chef_mujer_tono_de_piel_claro_medio:,ğŸ‘©ğŸ¼â€ğŸ³
:mujer_con_hiyab_tono_de_piel_oscuro:,ğŸ§•ğŸ¿
:bandera_panamÃ¡:,ğŸ‡µğŸ‡¦
:estilogrÃ¡fica:,ğŸ–‹ï¸
:pez_globo:,ğŸ¡
:loro:,ğŸ¦œ
:puerta:,ğŸšª
:mujer_alimentando_a_bebÃ©_tono_de_piel_claro_medio:,ğŸ‘©ğŸ¼â€ğŸ¼
:luna_nueva_con_cara:,ğŸŒš
:cara_enfadada_con_cuernos:,ğŸ‘¿
:bandera_turkmenistÃ¡n:,ğŸ‡¹ğŸ‡²
:flecha_hacia_la_derecha:,â¡
:tambor:,ğŸ¥
:cronÃ³metro:,â±ï¸
:puÃ±o_en_alto_tono_de_piel_oscuro_medio:,âœŠğŸ¾
:cara_de_desaprobaciÃ³n:,ğŸ˜’
:bandera_corea_del_norte:,ğŸ‡°ğŸ‡µ
:tornado:,ğŸŒªï¸
:oficina_de_correos_europea:,ğŸ¤
:dorso_de_mano_con_Ã­ndice_a_la_derecha:,ğŸ‘‰
:mano_abierta:,ğŸ–ï¸
:trompeta:,ğŸº
:mofeta:,ğŸ¦¨
:casco_con_una_cruz_blanca:,â›‘ï¸
:media_luna_y_estrella:,â˜ªï¸
:detective_tono_de_piel_oscuro_medio:,ğŸ•µğŸ¾
:luna:,ğŸŒ™
:persona_haciendo_el_gesto_de_de_acuerdo:,ğŸ™†
:saludo_vulcano_tono_de_piel_oscuro_medio:,ğŸ––ğŸ¾
:llave_inglesa:,ğŸ”§
:barco:,ğŸš¢
:persona_en_bicicleta_tono_de_piel_claro:,ğŸš´ğŸ»
:tenis_de_mesa:,ğŸ“
:manos_abiertas:,ğŸ‘
:cara_de_grogui:,ğŸ¥´
:lactancia_materna:,ğŸ¤±
:surtidor_de_gasolina:,â›½
:bandera_corea_del_sur:,ğŸ‡°ğŸ‡·
:bandera_belice:,ğŸ‡§ğŸ‡¿
:paloma:,ğŸ•Š
:fiscal_mujer_tono_de_piel_medio:,ğŸ‘©ğŸ½â€âš–ï¸
:Ã¡rbol_de_hoja_perenne:,ğŸŒ²
:estrella:,â­
:bandera_rumanÃ­a:,ğŸ‡·ğŸ‡´
:carta_de_amor:,ğŸ’Œ
:profesional_de_la_tecnologÃ­a_mujer_tono_de_piel_claro_medio:,ğŸ‘©ğŸ¼â€ğŸ’»
:asiento_de_transporte:,ğŸ’º
:familia_hombre_hombre_niÃ±a_niÃ±o:,ğŸ‘¨â€ğŸ‘¨â€ğŸ‘§â€ğŸ‘¦
:busca:,ğŸ“Ÿ
:trÃ©bol:,â˜˜
:balanza:,âš–
:luna_creciente:,ğŸŒ’
:docente_tono_de_piel_medio:,ğŸ§‘ğŸ½â€ğŸ«
:cuÃ±a_de_queso:,ğŸ§€
:chef_tono_de_piel_oscuro_medio:,ğŸ§‘ğŸ¾â€ğŸ³
:apretÃ³n_de_manos_tono_de_piel_oscuro_medio_y_tono_de_piel_oscuro:,ğŸ«±ğŸ¾â€ğŸ«²ğŸ¿
:lÃ¡piz_de_cera:,ğŸ–
:detener:,â¹ï¸
:dedos_cruzados_tono_de_piel_claro:,ğŸ¤ğŸ»
:paella:,ğŸ¥˜
:mujer_alimentando_a_bebÃ©:,ğŸ‘©â€ğŸ¼
:corazÃ³n_con_flecha:,ğŸ’˜
:tigre:,ğŸ…
:noria_de_feria:,ğŸ¡
:cara_con_calor:,ğŸ¥µ
:billete_con_alas:,ğŸ’¸
:mano_escribiendo_tono_de_piel_claro:,âœğŸ»
:pan_sin_levadura:,ğŸ«“
:bandera_islas_menores_alejadas_de_ee._uu.:,ğŸ‡ºğŸ‡²
:mujer_tono_de_piel_oscuro_medio_y_pelo_pelirrojo:,ğŸ‘©ğŸ¾â€ğŸ¦°
:cara_de_loco:,ğŸ¤ª
:bandera_eslovaquia:,ğŸ‡¸ğŸ‡°
:dorso_de_la_mano_tono_de_piel_claro_medio:,ğŸ¤šğŸ¼
:ojo_en_bocadillo_de_texto:,ğŸ‘ï¸â€ğŸ—¨ï¸
:anciana_tono_de_piel_claro_medio:,ğŸ‘µğŸ¼
:docente_hombre_tono_de_piel_claro:,ğŸ‘¨ğŸ»â€ğŸ«
:desatascador:,ğŸª 
:cara_sonriendo_con_gafas_de_sol:,ğŸ˜
:marcadores:,ğŸ“‘
:anciana_tono_de_piel_claro:,ğŸ‘µğŸ»
:mamÃ¡_noel_tono_de_piel_oscuro_medio:,ğŸ¤¶ğŸ¾
:mano_saludando:,ğŸ‘‹
:globo:,ğŸˆ
:profesional_de_la_tecnologÃ­a_hombre_tono_de_piel_claro_medio:,ğŸ‘¨ğŸ¼â€ğŸ’»
:cara_haciendo_una_mueca:,ğŸ˜¬
:bandera_fiyi:,ğŸ‡«ğŸ‡¯
:profesional_de_la_tecnologÃ­a_hombre_tono_de_piel_oscuro_medio:,ğŸ‘¨ğŸ¾â€ğŸ’»
:barco_de_pasajeros:,ğŸ›³
:bandera_wallis_y_futuna:,ğŸ‡¼ğŸ‡«
:fiscal_mujer_tono_de_piel_claro_medio:,ğŸ‘©ğŸ¼â€âš–ï¸
:esponja:,ğŸ§½
:mujer_con_bastÃ³n_tono_de_piel_claro:,ğŸ‘©ğŸ»â€ğŸ¦¯
:bandera_gales:,ğŸ´ó §ó ¢ó ·ó ¬ó ³ó ¿
:gusano:,ğŸª±
:adorno_de_corazÃ³n:,ğŸ’Ÿ
:persona_de_mostrador_de_informaciÃ³n_tono_de_piel_oscuro:,ğŸ’ğŸ¿
:dos_personas_de_la_mano:,ğŸ§‘â€ğŸ¤â€ğŸ§‘
:medalla_militar:,ğŸ–ï¸
:personaje_de_supervillano:,ğŸ¦¹
:mujer_con_hiyab:,ğŸ§•
:cerebro:,ğŸ§ 
:birrete:,ğŸ“
:disquete:,ğŸ’¾
:profesional_sanitario_mujer_tono_de_piel_oscuro_medio:,ğŸ‘©ğŸ¾â€âš•ï¸
:cara_angustiada:,ğŸ˜§
:bandera_namibia:,ğŸ‡³ğŸ‡¦
:profesional_de_la_tecnologÃ­a_tono_de_piel_oscuro:,ğŸ§‘ğŸ¿â€ğŸ’»
:cara_sonriente_con_lÃ¡grima:,ğŸ¥²
:apretÃ³n_de_manos_tono_de_piel_claro_medio_y_tono_de_piel_medio:,ğŸ«±ğŸ¼â€ğŸ«²ğŸ½
:cara_sonrojada:,ğŸ˜³
:persona_escalando:,ğŸ§—
:planta_de_maceta:,ğŸª´
:informaciÃ³n:,â„¹
:inodoro:,ğŸš½
:cuadrado_negro_mediano:,â—¼ï¸
:persona_haciendo_surf_tono_de_piel_oscuro:,ğŸ„ğŸ¿
:barco_a_motor:,ğŸ›¥
:luna_gibosa_menguante:,ğŸŒ–
:menorÃ¡:,ğŸ•
:bandera_finlandia:,ğŸ‡«ğŸ‡®
:estadio:,ğŸŸ
:artista:,ğŸ§‘â€ğŸ¨
:pollito_rompiendo_el_cascarÃ³n:,ğŸ£
:mujeres_de_la_mano:,ğŸ‘­
:tomate:,ğŸ…
:cara_con_ojos_en_blanco:,ğŸ™„
:persona_con_la_mano_en_la_frente_tono_de_piel_claro_medio:,ğŸ¤¦ğŸ¼
:personaje_de_superhÃ©roe_tono_de_piel_claro:,ğŸ¦¸ğŸ»
:marca_de_alternancia:,ã€½ï¸
:profesional_de_la_tecnologÃ­a_mujer_tono_de_piel_claro:,ğŸ‘©ğŸ»â€ğŸ’»
:llave_antigua:,ğŸ—
:telefÃ©rico_de_montaÃ±a:,ğŸš 
:bandera_albania:,ğŸ‡¦ğŸ‡±
:profesional_sanitario_hombre_tono_de_piel_claro_medio:,ğŸ‘¨ğŸ¼â€âš•ï¸
:persona_mayor_tono_de_piel_claro_medio:,ğŸ§“ğŸ¼
:hombre_tono_de_piel_claro_medio_y_pelo_pelirrojo:,ğŸ‘¨ğŸ¼â€ğŸ¦°
:mano_escribiendo_tono_de_piel_claro_medio:,âœğŸ¼
:cara_exhalando:,ğŸ˜®â€ğŸ’¨
:bandera_siria:,ğŸ‡¸ğŸ‡¾
:triÃ¡ngulo_rojo_hacia_arriba:,ğŸ”º
:barras_de_cobertura:,ğŸ“¶
:mujer_pelo_rizado:,ğŸ‘©â€ğŸ¦±
:repetir_una_vez:,ğŸ”‚
:bandera_el_salvador:,ğŸ‡¸ğŸ‡»
:bandera_malta:,ğŸ‡²ğŸ‡¹
:persona_con_la_mano_en_la_frente:,ğŸ¤¦
:persona_en_posiciÃ³n_de_loto_tono_de_piel_claro:,ğŸ§˜ğŸ»
:mujeres_de_la_mano_tono_de_piel_oscuro_medio:,ğŸ‘­ğŸ¾
:chef_mujer_tono_de_piel_oscuro:,ğŸ‘©ğŸ¿â€ğŸ³
:Ã¡rbol_de_hoja_caduca:,ğŸŒ³
:bandera_luxemburgo:,ğŸ‡±ğŸ‡º
:amanecer:,ğŸŒ…
:cara_con_mascarilla_mÃ©dica:,ğŸ˜·
:bandera_chipre:,ğŸ‡¨ğŸ‡¾
:enchufe_elÃ©ctrico:,ğŸ”Œ
:bebÃ©_tono_de_piel_oscuro_medio:,ğŸ‘¶ğŸ¾
:araÃ±a:,ğŸ•·ï¸
:dedo_Ã­ndice_hacia_arriba:,â˜
:tarro:,ğŸ«™
:corazÃ³n_blanco:,ğŸ¤
:estudiante_mujer_tono_de_piel_claro:,ğŸ‘©ğŸ»â€ğŸ“
:persona_con_velo_tono_de_piel_claro_medio:,ğŸ‘°ğŸ¼
:disco_Ã³ptico:,ğŸ’¿
:puente_de_noche:,ğŸŒ‰
:estrella_de_ocho_puntas:,âœ´
:bandera_islas_aland:,ğŸ‡¦ğŸ‡½
:persona_encogida_de_hombros_tono_de_piel_claro_medio:,ğŸ¤·ğŸ¼
:luna_nueva:,ğŸŒ‘
:personas_luchando:,ğŸ¤¼
:pez_tropical:,ğŸ 
:lupa_orientada_hacia_la_izquierda:,ğŸ”
:bandera_camerÃºn:,ğŸ‡¨ğŸ‡²
:pierna_tono_de_piel_oscuro:,ğŸ¦µğŸ¿
:bandera_serbia:,ğŸ‡·ğŸ‡¸
:profesional_de_la_ciencia_hombre:,ğŸ‘¨â€ğŸ”¬
:6_en_punto:,ğŸ••
:detective_tono_de_piel_medio:,ğŸ•µğŸ½
:rombo_azul_grande:,ğŸ”·
:radiactivo:,â˜¢
:profesional_de_la_tecnologÃ­a:,ğŸ§‘â€ğŸ’»
:regalo:,ğŸ
:persona_corriendo_tono_de_piel_medio:,ğŸƒğŸ½
:persona_con_esmoquin_tono_de_piel_claro:,ğŸ¤µğŸ»
:gamba_frita:,ğŸ¤
:manos_formando_un_corazÃ³n_tono_de_piel_medio:,ğŸ«¶ğŸ½
:reloj_de_arena_con_tiempo:,â³
:carpeta_de_archivos_abierta:,ğŸ“‚
:detective_tono_de_piel_claro_medio:,ğŸ•µğŸ¼
:9_en_punto:,ğŸ•˜
:aguja_de_coser:,ğŸª¡
:flor_marchita:,ğŸ¥€
:persona_en_una_sauna_tono_de_piel_medio:,ğŸ§–ğŸ½
:bandera_butÃ¡n:,ğŸ‡§ğŸ‡¹
:persona_corriendo_tono_de_piel_oscuro_medio:,ğŸƒğŸ¾
:artista_mujer:,ğŸ‘©â€ğŸ¨
:detective:,ğŸ•µ
:piedra_preciosa:,ğŸ’
:bota_de_senderismo:,ğŸ¥¾
:pluma_negra:,âœ’ï¸
:mujer_en_silla_de_ruedas_elÃ©ctrica:,ğŸ‘©â€ğŸ¦¼
:manos_formando_un_corazÃ³n:,ğŸ«¶
:exclamaciÃ³n_blanca:,â•
:montaÃ±a_rusa:,ğŸ¢
:mano_haciendo_el_signo_de_cuernos:,ğŸ¤˜
:salvavidas:,ğŸ›Ÿ
:bandera_grecia:,ğŸ‡¬ğŸ‡·
:pintarse_las_uÃ±as_tono_de_piel_medio:,ğŸ’…ğŸ½
:sandalia_de_mujer:,ğŸ‘¡
:colegio:,ğŸ«
:mantequilla:,ğŸ§ˆ
:mujer_tono_de_piel_oscuro_y_pelo_rizado:,ğŸ‘©ğŸ¿â€ğŸ¦±
:mujer_con_bastÃ³n:,ğŸ‘©â€ğŸ¦¯
:pepino:,ğŸ¥’
:bastÃ³n:,ğŸ¦¯
:persona_adulta_tono_de_piel_claro_y_sin_pelo:,ğŸ§‘ğŸ»â€ğŸ¦²
:bebida_tropical:,ğŸ¹
:bandera_andorra:,ğŸ‡¦ğŸ‡©
:alubias:,ğŸ«˜
:planta_joven:,ğŸŒ±
:persona_levantando_pesas_tono_de_piel_claro:,ğŸ‹ğŸ»
:oficinista_hombre_tono_de_piel_oscuro_medio:,ğŸ‘¨ğŸ¾â€ğŸ’¼
:cuadrado_blanco_mediano:,â—»ï¸
:libra:,â™
:tarta_de_cumpleaÃ±os:,ğŸ‚
:reproducir_o_pausa:,â¯ï¸
:agujero:,ğŸ•³
:hospital:,ğŸ¥
:bebÃ©_Ã¡ngel_tono_de_piel_medio:,ğŸ‘¼ğŸ½
:puÃ±o_en_alto_tono_de_piel_medio:,âœŠğŸ½
:buey:,ğŸ‚
:mano_escribiendo_tono_de_piel_oscuro:,âœğŸ¿
:persona_jugando_al_golf_tono_de_piel_claro_medio:,ğŸŒğŸ¼
:bandera_senegal:,ğŸ‡¸ğŸ‡³
:grillo:,ğŸ¦—
:bandera_mozambique:,ğŸ‡²ğŸ‡¿
:cara_llorando:,ğŸ˜¢
:hombre:,ğŸ‘¨
:pistola_de_agua:,ğŸ”«
:profesional_de_la_ciencia_mujer_tono_de_piel_oscuro_medio:,ğŸ‘©ğŸ¾â€ğŸ”¬
:bandera_mali:,ğŸ‡²ğŸ‡±
:hombre_tono_de_piel_oscuro_medio_y_pelo_pelirrojo:,ğŸ‘¨ğŸ¾â€ğŸ¦°
:cantante_mujer_tono_de_piel_oscuro:,ğŸ‘©ğŸ¿â€ğŸ¤
:hombre_pelo_blanco:,ğŸ‘¨â€ğŸ¦³
:corazÃ³n_marrÃ³n:,ğŸ¤
:bruma:,ğŸŒ
:pelota_de_softball:,ğŸ¥
:vÃ­a_de_tren:,ğŸ›¤
:hada_tono_de_piel_oscuro_medio:,ğŸ§šğŸ¾
:huellas_de_pies:,ğŸ‘£
:cara_de_alivio:,ğŸ˜Œ
:persona_recibiendo_masaje_tono_de_piel_medio:,ğŸ’†ğŸ½
:adn:,ğŸ§¬
:kimono:,ğŸ‘˜
:bandera_transgÃ©nero:,ğŸ³ï¸â€âš§
:cara_enfadada:,ğŸ˜ 
:dedo_Ã­ndice_hacia_arriba_tono_de_piel_oscuro_medio:,â˜ğŸ¾
:bandera_uganda:,ğŸ‡ºğŸ‡¬
:tubo_de_ensayo:,ğŸ§ª
:hamsa:,ğŸª¬
:corazÃ³n_rojo:,â¤ï¸
:grupo_sanguÃ­neo_tipo_o:,ğŸ…¾ï¸
:ninja_tono_de_piel_claro:,ğŸ¥·ğŸ»
:gato_negro:,ğŸˆâ€â¬›
:bebÃ©_tono_de_piel_claro_medio:,ğŸ‘¶ğŸ¼
:billete_de_libra:,ğŸ’·
:escarabajo:,ğŸª²
:bandera_lÃ­bano:,ğŸ‡±ğŸ‡§
:nariz_tono_de_piel_claro:,ğŸ‘ƒğŸ»
:chispa:,â‡ï¸
:gesto_de_te_quiero_tono_de_piel_claro:,ğŸ¤ŸğŸ»
:teclas_0:,0âƒ£
:billete_de_euro:,ğŸ’¶
:banderas_cruzadas:,ğŸŒ
:pÃ¡gina_hacia_arriba:,ğŸ“„
:rombo_naranja_grande:,ğŸ”¶
:cara_con_manos_abrazando:,ğŸ¤—
:flecha_arriba_y_abajo:,â†•ï¸
:cuadrado_verde:,ğŸŸ©
:fiscal_mujer:,ğŸ‘©â€âš–ï¸
:placa_de_petri:,ğŸ§«
:dromedario:,ğŸª
:candado_abierto:,ğŸ”“
:bandera_kazajistÃ¡n:,ğŸ‡°ğŸ‡¿
:mano_abierta_tono_de_piel_oscuro_medio:,ğŸ–ğŸ¾
:caÃ±a_de_pescar:,ğŸ£
:cara_con_termÃ³metro:,ğŸ¤’
:decoraciÃ³n_de_pino:,ğŸ
:bandera_timor-leste:,ğŸ‡¹ğŸ‡±
:cara_besando:,ğŸ˜—
:escuadra:,ğŸ“
:profesional_sanitario_hombre_tono_de_piel_medio:,ğŸ‘¨ğŸ½â€âš•ï¸
:cara_al_revÃ©s:,ğŸ™ƒ
:interrogaciÃ³n_roja:,â“
:control_de_volumen:,ğŸš
:lÃ¡mpara_de_aceite:,ğŸª”
:llave:,ğŸ”‘
:abrigo:,ğŸ§¥
:galleta_de_la_fortuna:,ğŸ¥ 
:dedos_juntos_apuntando_hacia_arriba_tono_de_piel_medio:,ğŸ¤ŒğŸ½
:banderÃ­n_en_hoyo:,â›³
:persona_haciendo_voltereta_lateral_tono_de_piel_oscuro_medio:,ğŸ¤¸ğŸ¾
:prohibido_fumar:,ğŸš­
:cuadrado_rojo:,ğŸŸ¥
:gesto_de_te_quiero_tono_de_piel_medio:,ğŸ¤ŸğŸ½
:mochila_escolar:,ğŸ’
:hombre_con_bastÃ³n_tono_de_piel_claro:,ğŸ‘¨ğŸ»â€ğŸ¦¯
:estudiante_hombre_tono_de_piel_oscuro_medio:,ğŸ‘¨ğŸ¾â€ğŸ“
:pulgar_hacia_arriba_tono_de_piel_medio:,ğŸ‘ğŸ½
:corazÃ³n_latiendo:,ğŸ’“
:autobÃºs_prÃ³ximo:,ğŸš
:taxi:,ğŸš•
:bandera_repÃºblica_dominicana:,ğŸ‡©ğŸ‡´
:barril_de_petrÃ³leo:,ğŸ›¢
:niÃ±o_tono_de_piel_claro:,ğŸ‘¦ğŸ»
:caramelo:,ğŸ¬
:periÃ³dico_enrollado:,ğŸ—ï¸
:escudo:,ğŸ›¡
:cÃ­rculo_azul:,ğŸ”µ
:sÃ­mbolo_de_transgÃ©nero:,âš§
:persona_con_la_mano_levantada_tono_de_piel_claro_medio:,ğŸ™‹ğŸ¼
:triÃ¡ngulo_doble_hacia_arriba:,â«
:bandera_jamaica:,ğŸ‡¯ğŸ‡²
:divisiÃ³n:,â—
:profesional_de_la_mecÃ¡nica_mujer:,ğŸ‘©â€ğŸ”§
:caracol:,ğŸŒ
:profesional_de_la_tecnologÃ­a_tono_de_piel_medio:,ğŸ§‘ğŸ½â€ğŸ’»
:bandera_mayotte:,ğŸ‡¾ğŸ‡¹
:persona_en_una_sauna_tono_de_piel_claro:,ğŸ§–ğŸ»
:cocinar:,ğŸ³
:bandera_isla_norfolk:,ğŸ‡³ğŸ‡«
:pentagrama:,ğŸ¼
:perrito_caliente:,ğŸŒ­
:bandera_filipinas:,ğŸ‡µğŸ‡­
:arroz_cocido:,ğŸš
:erizo:,ğŸ¦”
:caballo:,ğŸ
:persona_de_rodillas_tono_de_piel_claro:,ğŸ§ğŸ»
:nido_con_huevos:,ğŸªº
:balÃ³n_de_fÃºtbol:,âš½
:prohibido_el_paso_de_peatones:,ğŸš·
:clip:,ğŸ“
:bandera_santo_tomÃ©_y_prÃ­ncipe:,ğŸ‡¸ğŸ‡¹
:brillo_alto:,ğŸ”†
:arcoÃ­ris:,ğŸŒˆ
:cantante_tono_de_piel_claro_medio:,ğŸ§‘ğŸ¼â€ğŸ¤
:bucle:,â°
:botÃ³n_cuadrado_con_borde_negro:,ğŸ”²
:dedo_corazÃ³n_hacia_arriba_tono_de_piel_claro_medio:,ğŸ–•ğŸ¼
:manos_abiertas_tono_de_piel_oscuro_medio:,ğŸ‘ğŸ¾
:persona_de_pie_tono_de_piel_oscuro_medio:,ğŸ§ğŸ¾
:mano_con_seÃ±al_de_victoria:,âœŒ
:salir_corriendo:,ğŸ’¨
:oreja_con_audÃ­fono:,ğŸ¦»
:tique:,ğŸ«
:ballena_soltando_un_chorro:,ğŸ³
:estudiante_hombre_tono_de_piel_claro:,ğŸ‘¨ğŸ»â€ğŸ“
:mujeres_de_la_mano_tono_de_piel_claro:,ğŸ‘­ğŸ»
:bandera_noruega:,ğŸ‡³ğŸ‡´
:cÃ­rculo_rojo:,ğŸ”´
:cruasÃ¡n:,ğŸ¥
:persona_jugando_al_balonmano:,ğŸ¤¾
:corona:,ğŸ‘‘
:seÃ±al_de_stop:,ğŸ›‘
:libro_abierto:,ğŸ“–
:hacha:,ğŸª“
:tiburÃ³n:,ğŸ¦ˆ
:botÃ³n_de_opciÃ³n:,ğŸ”˜
:bÃ©isbol:,âš¾
:pulgar_hacia_abajo_tono_de_piel_medio:,ğŸ‘ğŸ½
:cebra:,ğŸ¦“
:coche_de_carreras:,ğŸ
:impresora:,ğŸ–¨
:mujer_pelo_blanco:,ğŸ‘©â€ğŸ¦³
:mezquita:,ğŸ•Œ
:etiqueta:,ğŸ·
:camping:,ğŸ•ï¸
:construcciÃ³n:,ğŸ—ï¸
:hombre_tono_de_piel_claro_medio_y_pelo_blanco:,ğŸ‘¨ğŸ¼â€ğŸ¦³
:piruleta:,ğŸ­
:persona_jugando_al_golf_tono_de_piel_oscuro_medio:,ğŸŒğŸ¾
:8_en_punto:,ğŸ•—
:oficinista_hombre:,ğŸ‘¨â€ğŸ’¼
:caca_con_ojos:,ğŸ’©
:galleta_de_arroz:,ğŸ˜
:baterÃ­a_baja:,ğŸª«
:manos_abiertas_tono_de_piel_claro_medio:,ğŸ‘ğŸ¼
:genio:,ğŸ§
:cabra:,ğŸ
:ancla:,âš“
:persona_en_bicicleta_tono_de_piel_claro_medio:,ğŸš´ğŸ¼
:persona_haciendo_pucheros_tono_de_piel_medio:,ğŸ™ğŸ½
:madera:,ğŸªµ
:nube_con_lluvia:,ğŸŒ§
:dorso_de_mano_con_Ã­ndice_hacia_abajo:,ğŸ‘‡
:mano_pellizcando:,ğŸ¤
:bandera_kosovo:,ğŸ‡½ğŸ‡°
:persona_en_posiciÃ³n_de_loto_tono_de_piel_medio:,ğŸ§˜ğŸ½
:bandera_uzbekistÃ¡n:,ğŸ‡ºğŸ‡¿
:bandera_inglaterra:,ğŸ´ó §ó ¢ó ¥ó ®ó §ó ¿
:apretÃ³n_de_manos_tono_de_piel_oscuro_medio_y_tono_de_piel_claro_medio:,ğŸ«±ğŸ¾â€ğŸ«²ğŸ¼
:persona_escalando_tono_de_piel_claro_medio:,ğŸ§—ğŸ¼
:persona_haciendo_pucheros:,ğŸ™
:yoyÃ³:,ğŸª€
:mujer_tono_de_piel_claro_y_pelo_pelirrojo:,ğŸ‘©ğŸ»â€ğŸ¦°
:casilla_con_marca_de_verificaciÃ³n:,â˜‘ï¸
:alfabeto_latino:,ğŸ”¤
:botÃ³n_cool:,ğŸ†’
:profesional_de_la_ciencia:,ğŸ§‘â€ğŸ”¬
:persona_corriendo:,ğŸƒ
:hombre_alimentando_a_bebÃ©:,ğŸ‘¨â€ğŸ¼
:triÃ¡ngulo_rojo_hacia_abajo:,ğŸ”»
:dorso_de_mano_con_Ã­ndice_a_la_izquierda_tono_de_piel_claro_medio:,ğŸ‘ˆğŸ¼
:cÃ¡mara_de_fotos:,ğŸ“·
:tulipÃ¡n:,ğŸŒ·
:botÃ³n_free:,ğŸ†“
:mujer_y_hombre_de_la_mano_tono_de_piel_claro_y_tono_de_piel_medio:,ğŸ‘©ğŸ»â€ğŸ¤â€ğŸ‘¨ğŸ½
:profesional_de_la_ciencia_tono_de_piel_claro:,ğŸ§‘ğŸ»â€ğŸ”¬
:persona_sorda_tono_de_piel_claro_medio:,ğŸ§ğŸ¼
:cara_con_ojos_cerrados_y_lengua_fuera:,ğŸ˜
:bandera_micronesia:,ğŸ‡«ğŸ‡²
:advertencia:,âš ï¸
:aduana:,ğŸ›ƒ
:luna_llena:,ğŸŒ•
:buzÃ³n_abierto_con_la_bandera_levantada:,ğŸ“¬
:bandera_malasia:,ğŸ‡²ğŸ‡¾
:bombero_hombre_tono_de_piel_claro:,ğŸ‘¨ğŸ»â€ğŸš’
:mano_saludando_tono_de_piel_oscuro:,ğŸ‘‹ğŸ¿
:pavo:,ğŸ¦ƒ
:agente_de_policÃ­a_tono_de_piel_claro_medio:,ğŸ‘®ğŸ¼
:saludo_vulcano_tono_de_piel_claro_medio:,ğŸ––ğŸ¼
:bandera_bÃ©lgica:,ğŸ‡§ğŸ‡ª
:bandera_aruba:,ğŸ‡¦ğŸ‡¼
:micrÃ³fono_de_estudio:,ğŸ™
:ratÃ³n_de_ordenador:,ğŸ–±
:cara_de_viento:,ğŸŒ¬ï¸
:reloj_despertador:,â°
:escorpiÃ³n:,ğŸ¦‚
:casco_militar:,ğŸª–
:flor_blanca:,ğŸ’®
:ropa_de_mujer:,ğŸ‘š
:lagarto:,ğŸ¦
:bandera_de_cuadros:,ğŸ
:persona_haciendo_el_gesto_de_no_tono_de_piel_oscuro:,ğŸ™…ğŸ¿
:pastel:,ğŸ¥§
:manos_formando_un_corazÃ³n_tono_de_piel_oscuro:,ğŸ«¶ğŸ¿
:nube_con_rayo:,ğŸŒ©
:mano_haciendo_el_gesto_de_llamar_tono_de_piel_oscuro_medio:,ğŸ¤™ğŸ¾
:bloc_de_notas_de_espiral:,ğŸ—’
:estudiante_hombre_tono_de_piel_claro_medio:,ğŸ‘¨ğŸ¼â€ğŸ“
:sobre:,âœ‰ï¸
:mano_haciendo_el_gesto_de_llamar:,ğŸ¤™
:espiga_de_arroz:,ğŸŒ¾
:cara_de_gato:,ğŸ±
:avance_rÃ¡pido:,â©
:manos_abiertas_tono_de_piel_medio:,ğŸ‘ğŸ½
:hombre_tono_de_piel_oscuro_y_pelo_blanco:,ğŸ‘¨ğŸ¿â€ğŸ¦³
:ruedas_de_control:,ğŸ›
:bailarina:,ğŸ¥¿
:persona_sirena_tono_de_piel_claro:,ğŸ§œğŸ»
:uvas:,ğŸ‡
:cara_de_perro:,ğŸ¶
:reproducciÃ³n_aleatoria:,ğŸ”€
:cara_con_sombrero_de_vaquero:,ğŸ¤ 
:chincheta:,ğŸ“Œ
:lactancia_materna_tono_de_piel_claro_medio:,ğŸ¤±ğŸ¼
:disco_dvd:,ğŸ“€
:coche_prÃ³ximo:,ğŸš˜
:profesional_de_la_tecnologÃ­a_mujer:,ğŸ‘©â€ğŸ’»
:cÃ­rculo_rojo_hueco:,â­•
:persona_con_gorro_chino:,ğŸ‘²
:cara_estornudando:,ğŸ¤§
:personas_abrazÃ¡ndose:,ğŸ«‚
:bumerÃ¡n:,ğŸªƒ
:lupa_orientada_hacia_la_derecha:,ğŸ”
:ojo:,ğŸ‘ï¸
:flecha_hacia_la_esquina_inferior_izquierda:,â†™ï¸
:altavoz_a_volumen_alto:,ğŸ”Š
:persona_con_barba_tono_de_piel_oscuro_medio:,ğŸ§”ğŸ¾
:oficinista_tono_de_piel_claro_medio:,ğŸ§‘ğŸ¼â€ğŸ’¼
:patÃ­n_de_hielo:,â›¸ï¸
:persona_haciendo_voltereta_lateral_tono_de_piel_claro:,ğŸ¤¸ğŸ»
:ninja_tono_de_piel_claro_medio:,ğŸ¥·ğŸ¼
:bandera_canarias:,ğŸ‡®ğŸ‡¨
:mano_haciendo_el_signo_de_cuernos_tono_de_piel_claro:,ğŸ¤˜ğŸ»
:cabeza_parlante:,ğŸ—£ï¸
:cara_cansada:,ğŸ˜«
:teclas_7:,7âƒ£
:telÃ©fono_mÃ³vil_apagado:,ğŸ“´
:aseos:,ğŸš¾
:dedo_Ã­ndice_apuntÃ¡ndote_a_ti_tono_de_piel_oscuro:,ğŸ«µğŸ¿
:corazÃ³n_roto:,ğŸ’”
:chincheta_redonda:,ğŸ“
:bandera_chequia:,ğŸ‡¨ğŸ‡¿
:hombre_tono_de_piel_claro_medio_y_sin_pelo:,ğŸ‘¨ğŸ¼â€ğŸ¦²
:casas:,ğŸ˜
:mono_con_la_boca_tapada:,ğŸ™Š
:cara_con_la_boca_abierta:,ğŸ˜®
:persona_jugando_al_golf_tono_de_piel_claro:,ğŸŒğŸ»
:dedos_cruzados_tono_de_piel_oscuro_medio:,ğŸ¤ğŸ¾
:seis_y_media:,ğŸ•¡
:montaÃ±a:,â›°
:calamar:,ğŸ¦‘
:pantalones_cortos:,ğŸ©³
:teclas_#:,#ï¸âƒ£
:sombrero_de_copa:,ğŸ©
:hombres_de_la_mano_tono_de_piel_claro:,ğŸ‘¬ğŸ»
:bandera_chile:,ğŸ‡¨ğŸ‡±
:bandera_austria:,ğŸ‡¦ğŸ‡¹
:iglesia:,â›ª
:exclamaciÃ³n_e_interrogaciÃ³n:,â‰ï¸
:uniforme_de_artes_marciales:,ğŸ¥‹
:oveja:,ğŸ‘
:coche_de_policÃ­a:,ğŸš“
:profesional_sanitario_tono_de_piel_claro:,ğŸ§‘ğŸ»â€âš•ï¸
:beso:,ğŸ’
:gato_sonriendo_con_ojos_sonrientes:,ğŸ˜¸
:flecha_derecha_curvÃ¡ndose_hacia_abajo:,â¤µ
:profesional_sanitario_hombre:,ğŸ‘¨â€âš•ï¸
:moneda:,ğŸª™
:bombero_hombre_tono_de_piel_medio:,ğŸ‘¨ğŸ½â€ğŸš’
:dos_corazones:,ğŸ’•
:maletÃ­n:,ğŸ’¼
:mano_abierta_tono_de_piel_claro_medio:,ğŸ–ğŸ¼
:bombero:,ğŸ§‘â€ğŸš’
:kaaba:,ğŸ•‹
:bandera_estados_unidos:,ğŸ‡ºğŸ‡¸
:sÃ­mbolo_de_la_paz:,â˜®
:bandera_hungrÃ­a:,ğŸ‡­ğŸ‡º
:persona_de_rodillas_tono_de_piel_medio:,ğŸ§ğŸ½
:bandera_sri_lanka:,ğŸ‡±ğŸ‡°
:cuadrado_blanco_grande:,â¬œ
:caja_de_bento:,ğŸ±
:mujer_tono_de_piel_oscuro_medio:,ğŸ‘©ğŸ¾
:persona_mayor:,ğŸ§“
:libros:,ğŸ“š
:pierna_mecÃ¡nica:,ğŸ¦¿
:triÃ¡ngulo_doble_hacia_abajo:,â¬
:bandera_camboya:,ğŸ‡°ğŸ‡­
:flecha_hacia_la_izquierda:,â¬…ï¸
:familia_mujer_mujer_niÃ±a:,ğŸ‘©â€ğŸ‘©â€ğŸ‘§
:mujer_tono_de_piel_medio:,ğŸ‘©ğŸ½
:tejÃ³n:,ğŸ¦¡
:telescopio:,ğŸ”­
:bandera_taiwÃ¡n:,ğŸ‡¹ğŸ‡¼
:flecha_izquierda_y_derecha:,â†”
:pierna_tono_de_piel_oscuro_medio:,ğŸ¦µğŸ¾
:t-rex:,ğŸ¦–
:gato_haciendo_una_mueca:,ğŸ˜¼
:profesional_de_la_construcciÃ³n_tono_de_piel_oscuro_medio:,ğŸ‘·ğŸ¾
:cantante_mujer_tono_de_piel_oscuro_medio:,ğŸ‘©ğŸ¾â€ğŸ¤
:reloj_de_sobremesa:,ğŸ•°ï¸
:casa:,ğŸ 
:bandera_gambia:,ğŸ‡¬ğŸ‡²
:flor_de_hibisco:,ğŸŒº
:dorso_de_la_mano:,ğŸ¤š
:cara_de_nÃ¡useas:,ğŸ¤¢
:hamburguesa:,ğŸ”
:altavoz_de_mano:,ğŸ“¢
:tono_de_piel_claro_medio:,ğŸ¼
:carnÃ©_de_identidad:,ğŸªª
:dorso_de_mano_con_Ã­ndice_a_la_izquierda_tono_de_piel_claro:,ğŸ‘ˆğŸ»
:sobre_entrante:,ğŸ“¨
:anillo:,ğŸ’
:seÃ±al_de_aseos:,ğŸš»
:grÃ¡fica_de_evoluciÃ³n_ascendente:,ğŸ“ˆ
:pierna_tono_de_piel_medio:,ğŸ¦µğŸ½
:pausa:,â¸
:muÃ±eca_rusa:,ğŸª†
:noel:,ğŸ§‘â€ğŸ„
:mano_pellizcando_tono_de_piel_oscuro:,ğŸ¤ğŸ¿
:bandera_surinam:,ğŸ‡¸ğŸ‡·
:manos_en_oraciÃ³n:,ğŸ™
:profesional_industrial:,ğŸ§‘â€ğŸ­
:estudiante_mujer_tono_de_piel_oscuro:,ğŸ‘©ğŸ¿â€ğŸ“
:mototaxi:,ğŸ›º
:mujer_tono_de_piel_oscuro_medio_y_sin_pelo:,ğŸ‘©ğŸ¾â€ğŸ¦²
:mujer_y_hombre_de_la_mano_tono_de_piel_claro:,ğŸ‘«ğŸ»
:metro:,ğŸš‡
:bandera_negra:,ğŸ´
:ojo_turco:,ğŸ§¿
:selfi_tono_de_piel_medio:,ğŸ¤³ğŸ½
:corazÃ³n_negro:,ğŸ–¤
:bandera_malaui:,ğŸ‡²ğŸ‡¼
:gesto_de_te_quiero_tono_de_piel_oscuro:,ğŸ¤ŸğŸ¿
:separador_de_fichas:,ğŸ—‚
:flor:,ğŸŒ¼
:buzÃ³n:,ğŸ“®
:persona_adulta_rubia:,ğŸ‘±
:exclamaciÃ³n_de_corazÃ³n:,â£ï¸
:pulgar_hacia_arriba_tono_de_piel_claro_medio:,ğŸ‘ğŸ¼
:sÃ­mbolo_de_socorro:,ğŸ†˜
:palomitas:,ğŸ¿
:bandera_kuwait:,ğŸ‡°ğŸ‡¼
:bombera_tono_de_piel_claro_medio:,ğŸ‘©ğŸ¼â€ğŸš’
:persona_con_la_mano_levantada_tono_de_piel_oscuro:,ğŸ™‹ğŸ¿
:bandera_san_martÃ­n:,ğŸ‡²ğŸ‡«
:apretÃ³n_de_manos_tono_de_piel_claro_medio:,ğŸ¤ğŸ¼
:mano_hacia_la_derecha_tono_de_piel_claro:,ğŸ«±ğŸ»
:arroz_con_curry:,ğŸ›
:falafel:,ğŸ§†
:jabalÃ­:,ğŸ—
:botÃ³n_vs:,ğŸ†š
:agua_potable:,ğŸš°
:familia_hombre_niÃ±o_niÃ±o:,ğŸ‘¨â€ğŸ‘¦â€ğŸ‘¦
:cara_sacando_la_lengua_y_guiÃ±ando_un_ojo:,ğŸ˜œ
:cara_disfrazada:,ğŸ¥¸
:chile_picante:,ğŸŒ¶ï¸
:mujer_y_hombre_de_la_mano_tono_de_piel_oscuro_y_tono_de_piel_oscuro_medio:,ğŸ‘©ğŸ¿â€ğŸ¤â€ğŸ‘¨ğŸ¾
:persona_encogida_de_hombros_tono_de_piel_medio:,ğŸ¤·ğŸ½
:medalla_de_bronce:,ğŸ¥‰
:persona_con_la_mano_en_la_frente_tono_de_piel_oscuro_medio:,ğŸ¤¦ğŸ¾
:cuenco_con_cuchara:,ğŸ¥£
:muslo_de_pollo:,ğŸ—
:cuaderno:,ğŸ““
:profesional_de_la_tecnologÃ­a_tono_de_piel_oscuro_medio:,ğŸ§‘ğŸ¾â€ğŸ’»
:virgo:,â™
:calendario_recortable:,ğŸ“†
:manos_en_oraciÃ³n_tono_de_piel_oscuro:,ğŸ™ğŸ¿
:bicicleta:,ğŸš²
:hombre_embarazado:,ğŸ«ƒ
:mujeres_de_la_mano_tono_de_piel_oscuro_medio_y_tono_de_piel_oscuro:,ğŸ‘©ğŸ¾â€ğŸ¤â€ğŸ‘©ğŸ¿
:poste_de_barbero:,ğŸ’ˆ
:4_en_punto:,ğŸ•“
:astronauta_mujer_tono_de_piel_oscuro_medio:,ğŸ‘©ğŸ¾â€ğŸš€
:mariposa:,ğŸ¦‹
:astronauta_tono_de_piel_medio:,ğŸ§‘ğŸ½â€ğŸš€
:bÃ¡dminton:,ğŸ¸
:planeta_con_anillos:,ğŸª
:bandera_costa_rica:,ğŸ‡¨ğŸ‡·
:organizador_de_fichas:,ğŸ“‡
:niÃ±a_tono_de_piel_medio:,ğŸ‘§ğŸ½
:persona_con_barba_tono_de_piel_claro:,ğŸ§”ğŸ»
:once_y_media:,ğŸ•¦
:mano_con_la_palma_hacia_arriba_tono_de_piel_claro:,ğŸ«´ğŸ»
:anciano_tono_de_piel_oscuro:,ğŸ‘´ğŸ¿
:ordenador_portÃ¡til:,ğŸ’»
:persona_en_posiciÃ³n_de_loto:,ğŸ§˜
:bandera_islas_marshall:,ğŸ‡²ğŸ‡­
:mujer_bailando_tono_de_piel_claro_medio:,ğŸ’ƒğŸ¼
:auricular:,ğŸ§
:buzÃ³n_cerrado_con_la_bandera_bajada:,ğŸ“ª
:leopardo:,ğŸ†
:fiscal_tono_de_piel_medio:,ğŸ§‘ğŸ½â€âš–ï¸
:cara_de_payaso:,ğŸ¤¡
:vestido:,ğŸ‘—
:persona_corriendo_tono_de_piel_claro:,ğŸƒğŸ»
:cinco_y_media:,ğŸ• 
:cruz_ortodoxa:,â˜¦ï¸
:cuadrado_amarillo:,ğŸŸ¨
:profesional_sanitario_tono_de_piel_medio:,ğŸ§‘ğŸ½â€âš•ï¸
:1_en_punto:,ğŸ•
:familia_hombre_hombre_niÃ±o_niÃ±o:,ğŸ‘¨â€ğŸ‘¨â€ğŸ‘¦â€ğŸ‘¦
:cuadrado_morado:,ğŸŸª
:caballo_de_tiovivo:,ğŸ 
:bandera_islas_turcas_y_caicos:,ğŸ‡¹ğŸ‡¨
:persona_adulta_tono_de_piel_claro_medio_y_pelo_pelirrojo:,ğŸ§‘ğŸ¼â€ğŸ¦°
:familia_mujer_mujer_niÃ±a_niÃ±a:,ğŸ‘©â€ğŸ‘©â€ğŸ‘§â€ğŸ‘§
:bandera_jordania:,ğŸ‡¯ğŸ‡´
:micrÃ³fono:,ğŸ¤
:bandera_tanzania:,ğŸ‡¹ğŸ‡¿
:profesional_sanitario:,ğŸ§‘â€âš•ï¸
:docente_tono_de_piel_claro:,ğŸ§‘ğŸ»â€ğŸ«
:familia_hombre_hombre_niÃ±o:,ğŸ‘¨â€ğŸ‘¨â€ğŸ‘¦
:ojos:,ğŸ‘€
:alambique:,âš—
:flan:,ğŸ®
:gafas_de_protecciÃ³n:,ğŸ¥½
:dorso_de_mano_con_Ã­ndice_hacia_abajo_tono_de_piel_claro_medio:,ğŸ‘‡ğŸ¼
:proyector_de_cine:,ğŸ“½ï¸
:sol_detrÃ¡s_de_una_nube_con_lluvia:,ğŸŒ¦ï¸
:rata:,ğŸ€
:persona_remando_en_un_bote:,ğŸš£
:espagueti:,ğŸ
:persona_maga_tono_de_piel_claro:,ğŸ§™ğŸ»
:monorraÃ­l:,ğŸš
:apretÃ³n_de_manos_tono_de_piel_medio_y_tono_de_piel_claro:,ğŸ«±ğŸ½â€ğŸ«²ğŸ»
:gota:,ğŸ’§
:flor_de_cerezo:,ğŸŒ¸
:cabeza_explotando:,ğŸ¤¯
:melÃ³n:,ğŸˆ
:estrella_de_david:,âœ¡ï¸
:cruz_latina:,âœï¸
:ventana:,ğŸªŸ
:entradas:,ğŸŸï¸
:teclas_*:,*ï¸âƒ£
:cuaderno_con_tapa_decorativa:,ğŸ“”
:palo_de_trÃ©boles:,â™£
:bandera_mongolia:,ğŸ‡²ğŸ‡³
:globo_terrÃ¡queo_mostrando_europa_y_Ã¡frica:,ğŸŒ
:taxi_prÃ³ximo:,ğŸš–
:profesional_de_la_tecnologÃ­a_mujer_tono_de_piel_oscuro:,ğŸ‘©ğŸ¿â€ğŸ’»
:sÃ­mbolo_de_reciclaje:,â™»ï¸
:nariz_tono_de_piel_medio:,ğŸ‘ƒğŸ½
:elfo_tono_de_piel_oscuro_medio:,ğŸ§ğŸ¾
:seÃ±al_de_aprobaciÃ³n_con_la_mano_tono_de_piel_claro:,ğŸ‘ŒğŸ»
:radio:,ğŸ“»
:persona_haciendo_el_gesto_de_no_tono_de_piel_medio:,ğŸ™…ğŸ½
:persona_haciendo_una_reverencia_tono_de_piel_oscuro:,ğŸ™‡ğŸ¿
:bandera_georgia:,ğŸ‡¬ğŸ‡ª
:cantante_tono_de_piel_oscuro_medio:,ğŸ§‘ğŸ¾â€ğŸ¤
:bandera_martinica:,ğŸ‡²ğŸ‡¶
:sol_detrÃ¡s_de_una_nube_pequeÃ±a:,ğŸŒ¤
:persona_sorda_tono_de_piel_oscuro:,ğŸ§ğŸ¿
:mujer_alimentando_a_bebÃ©_tono_de_piel_medio:,ğŸ‘©ğŸ½â€ğŸ¼
:bandera_macedonia_del_norte:,ğŸ‡²ğŸ‡°
:persona_haciendo_surf:,ğŸ„
:palmas_hacia_arriba_juntas_tono_de_piel_oscuro:,ğŸ¤²ğŸ¿
:asterisco_de_ocho_puntas:,âœ³
:profesional_de_la_agricultura_hombre:,ğŸ‘¨â€ğŸŒ¾
:puÃ±o_cerrado_tono_de_piel_medio:,ğŸ‘ŠğŸ½
:tetrabrik:,ğŸ§ƒ
:papÃ¡_noel_tono_de_piel_claro:,ğŸ…ğŸ»
:teclas_6:,6âƒ£
:jirafa:,ğŸ¦’
:persona_encogida_de_hombros_tono_de_piel_oscuro_medio:,ğŸ¤·ğŸ¾
:persona_con_turbante:,ğŸ‘³
:auricular_de_telÃ©fono:,ğŸ“
:bandera_paraguay:,ğŸ‡µğŸ‡¾
:pulgar_hacia_arriba_tono_de_piel_oscuro_medio:,ğŸ‘ğŸ¾
:bandera_angola:,ğŸ‡¦ğŸ‡´
:persona_adulta_rubia_tono_de_piel_claro_medio:,ğŸ‘±ğŸ¼
:dedos_juntos_apuntando_hacia_arriba_tono_de_piel_oscuro_medio:,ğŸ¤ŒğŸ¾
:gato_besando:,ğŸ˜½
:hada:,ğŸ§š
:mano_con_dedo_Ã­ndice_y_pulgar_cruzados_tono_de_piel_oscuro_medio:,ğŸ«°ğŸ¾
:meteorito:,â˜„ï¸
:lactancia_materna_tono_de_piel_claro:,ğŸ¤±ğŸ»
:noel_tono_de_piel_medio:,ğŸ§‘ğŸ½â€ğŸ„
:pista_siguiente:,â­ï¸
:patines:,ğŸ›¼
:edificio_de_oficinas:,ğŸ¢
:beicon:,ğŸ¥“
:pintarse_las_uÃ±as_tono_de_piel_claro_medio:,ğŸ’…ğŸ¼
:puÃ±o_hacia_la_izquierda_tono_de_piel_oscuro_medio:,ğŸ¤›ğŸ¾
:pelota_de_tenis:,ğŸ¾
:bandera_omÃ¡n:,ğŸ‡´ğŸ‡²
:persona_remando_en_un_bote_tono_de_piel_claro:,ğŸš£ğŸ»
:martillo_y_pico:,âš’ï¸
:cara_preocupada:,ğŸ˜Ÿ
:bandera_arabia_saudÃ­:,ğŸ‡¸ğŸ‡¦
:cara_con_lengua_de_dinero:,ğŸ¤‘
:manos_aplaudiendo_tono_de_piel_medio:,ğŸ‘ğŸ½
:agente_de_policÃ­a_tono_de_piel_claro:,ğŸ‘®ğŸ»
:persona_de_rodillas:,ğŸ§
:mamÃ¡_noel:,ğŸ¤¶
:limÃ³n:,ğŸ‹
:botella_descorchada:,ğŸ¾
:coche_de_policÃ­a_prÃ³ximo:,ğŸš”
:cepillo_de_dientes:,ğŸª¥
:persona_jugando_al_balonmano_tono_de_piel_medio:,ğŸ¤¾ğŸ½
:estetoscopio:,ğŸ©º
:bandera_ghana:,ğŸ‡¬ğŸ‡­
:lazo:,ğŸ€
:bandera_nepal:,ğŸ‡³ğŸ‡µ
:bandera_tokelau:,ğŸ‡¹ğŸ‡°
:ferri:,â›´ï¸
:elfo:,ğŸ§
:dragÃ³n_rojo_de_mahjong:,ğŸ€„
:bandera_san_cristÃ³bal_y_nieves:,ğŸ‡°ğŸ‡³
:profesional_de_la_ciencia_mujer_tono_de_piel_claro_medio:,ğŸ‘©ğŸ¼â€ğŸ”¬
:hombre_tono_de_piel_claro_medio:,ğŸ‘¨ğŸ¼
:libro_verde:,ğŸ“—
:destornillador:,ğŸª›
:reproducir:,â–¶ï¸
:mujer_embarazada_tono_de_piel_oscuro:,ğŸ¤°ğŸ¿
:luces_de_policÃ­a:,ğŸš¨
:personaje_de_supervillano_tono_de_piel_claro_medio:,ğŸ¦¹ğŸ¼
:calendario_de_espiral:,ğŸ—“
:persona_de_pie_tono_de_piel_claro:,ğŸ§ğŸ»
:bandera_tÃºnez:,ğŸ‡¹ğŸ‡³
:familia_mujer_y_niÃ±a:,ğŸ‘©â€ğŸ‘§
:paisaje_urbano:,ğŸ™
:bandera_sÃ¡hara_occidental:,ğŸ‡ªğŸ‡­
:infante_tono_de_piel_oscuro:,ğŸ§’ğŸ¿
:pulgar_hacia_arriba:,ğŸ‘
:mano_saludando_tono_de_piel_claro:,ğŸ‘‹ğŸ»
:docente_mujer_tono_de_piel_claro_medio:,ğŸ‘©ğŸ¼â€ğŸ«
:7_en_punto:,ğŸ•–
:manos_en_oraciÃ³n_tono_de_piel_claro:,ğŸ™ğŸ»
:mapa_mundial:,ğŸ—º
:bombera_tono_de_piel_oscuro_medio:,ğŸ‘©ğŸ¾â€ğŸš’
:hombre_tono_de_piel_claro_y_pelo_pelirrojo:,ğŸ‘¨ğŸ»â€ğŸ¦°
:gesto_de_te_quiero_tono_de_piel_claro_medio:,ğŸ¤ŸğŸ¼
:apretÃ³n_de_manos_tono_de_piel_claro:,ğŸ¤ğŸ»
:bandera_somalia:,ğŸ‡¸ğŸ‡´
:oreja_tono_de_piel_oscuro_medio:,ğŸ‘‚ğŸ¾
:manos_levantadas_celebrando_tono_de_piel_claro:,ğŸ™ŒğŸ»
:pizza:,ğŸ•
:chef_hombre_tono_de_piel_medio:,ğŸ‘¨ğŸ½â€ğŸ³
:persona_adulta_tono_de_piel_claro_medio_y_pelo_rizado:,ğŸ§‘ğŸ¼â€ğŸ¦±
:dorso_de_mano_con_Ã­ndice_hacia_arriba_tono_de_piel_claro_medio:,ğŸ‘†ğŸ¼
:persona_con_velo_tono_de_piel_medio:,ğŸ‘°ğŸ½
:globo_terrÃ¡queo_mostrando_amÃ©rica:,ğŸŒ
:perro:,ğŸ•
:camiseta_sin_mangas:,ğŸ½
:isla_desierta:,ğŸ
:personaje_de_superhÃ©roe_tono_de_piel_oscuro:,ğŸ¦¸ğŸ¿
:mujer_con_bastÃ³n_tono_de_piel_medio:,ğŸ‘©ğŸ½â€ğŸ¦¯
:bocadillo_de_diÃ¡logo_por_la_izquierda:,ğŸ—¨ï¸
:astronauta:,ğŸ§‘â€ğŸš€
:profesional_sanitario_mujer_tono_de_piel_medio:,ğŸ‘©ğŸ½â€âš•ï¸
:mujer_bailando:,ğŸ’ƒ
:hÃ¡mster:,ğŸ¹
:familia_mujer_niÃ±o_niÃ±o:,ğŸ‘©â€ğŸ‘¦â€ğŸ‘¦
:bandera_dinamarca:,ğŸ‡©ğŸ‡°
:pavo_real:,ğŸ¦š
:tela_de_araÃ±a:,ğŸ•¸ï¸
:cara_con_la_cabeza_vendada:,ğŸ¤•
:apretÃ³n_de_manos:,ğŸ¤
:jeringuilla:,ğŸ’‰
:montaÃ±a_con_nieve:,ğŸ”ï¸
:bandera_islas_cook:,ğŸ‡¨ğŸ‡°
:dedo_Ã­ndice_hacia_arriba_tono_de_piel_oscuro:,â˜ğŸ¿
:palmas_hacia_arriba_juntas_tono_de_piel_oscuro_medio:,ğŸ¤²ğŸ¾
:autopista:,ğŸ›£ï¸
:gato_sonriendo_con_ojos_de_corazÃ³n:,ğŸ˜»
:persona_sirena:,ğŸ§œ
:mujeres_de_la_mano_tono_de_piel_claro_medio_y_tono_de_piel_medio:,ğŸ‘©ğŸ¼â€ğŸ¤â€ğŸ‘©ğŸ½
:multiplicaciÃ³n:,âœ–
:persona_en_la_cama_tono_de_piel_oscuro_medio:,ğŸ›ŒğŸ¾
:botÃ³n_de_marca_de_verificaciÃ³n:,âœ…
:gato_asustado:,ğŸ™€
:persona_en_la_baÃ±era:,ğŸ›€
:trozo_de_tarta:,ğŸ°
:tienda_de_campaÃ±a:,â›º
:petardo:,ğŸ§¨
:puÃ±o_hacia_la_izquierda_tono_de_piel_oscuro:,ğŸ¤›ğŸ¿
:bandera_uniÃ³n_europea:,ğŸ‡ªğŸ‡º
:tortitas:,ğŸ¥
:persona_en_la_cama_tono_de_piel_claro_medio:,ğŸ›ŒğŸ¼
:arco_y_flecha:,ğŸ¹
:zapato_de_tacÃ³n:,ğŸ‘ 
:edificio_clÃ¡sico:,ğŸ›
:tienda_24_horas:,ğŸª
:flecha_derecha_curvÃ¡ndose_hacia_arriba:,â¤´ï¸
:persona_trajeada_levitando_tono_de_piel_claro_medio:,ğŸ•´ğŸ¼
:oficina_de_correos_japonesa:,ğŸ£
:acuario:,â™’
:estatua_de_la_libertad:,ğŸ—½
:dorso_de_la_mano_tono_de_piel_medio:,ğŸ¤šğŸ½
:bandera_croacia:,ğŸ‡­ğŸ‡·
:hombre_sin_pelo:,ğŸ‘¨â€ğŸ¦²
:puÃ±o_cerrado_tono_de_piel_oscuro_medio:,ğŸ‘ŠğŸ¾
:papÃ¡_noel:,ğŸ…
:cara_de_vaca:,ğŸ®
:persona_frunciendo_el_ceÃ±o_tono_de_piel_claro_medio:,ğŸ™ğŸ¼
:oficinista_mujer_tono_de_piel_medio:,ğŸ‘©ğŸ½â€ğŸ’¼
:espadas_cruzadas:,âš”ï¸
:mujer_tono_de_piel_claro:,ğŸ‘©ğŸ»
:agente_de_policÃ­a_tono_de_piel_oscuro_medio:,ğŸ‘®ğŸ¾
:cara_sonriendo_con_aureola:,ğŸ˜‡
:mano_con_seÃ±al_de_victoria_tono_de_piel_medio:,âœŒğŸ½
:cara_sonriendo_con_los_ojos_cerrados:,ğŸ˜†
:aguas_termales:,â™¨
:persona_con_la_mano_en_la_frente_tono_de_piel_claro:,ğŸ¤¦ğŸ»
:cara_saludando:,ğŸ«¡
:bandera_santa_lucÃ­a:,ğŸ‡±ğŸ‡¨
:bÃºfalo_de_agua:,ğŸƒ
:profesional_de_la_tecnologÃ­a_hombre:,ğŸ‘¨â€ğŸ’»
:grupo_sanguÃ­neo_ab:,ğŸ†
:persona_con_esmoquin_tono_de_piel_claro_medio:,ğŸ¤µğŸ¼
:sol_detrÃ¡s_de_una_nube_grande:,ğŸŒ¥ï¸
:dedos_cruzados_tono_de_piel_oscuro:,ğŸ¤ğŸ¿
:paraguas:,â˜‚
:monstruo_alienÃ­gena:,ğŸ‘¾
:chef_hombre_tono_de_piel_claro:,ğŸ‘¨ğŸ»â€ğŸ³
:chef_tono_de_piel_claro:,ğŸ§‘ğŸ»â€ğŸ³
:huevo:,ğŸ¥š
:flecha_izquierda_curvÃ¡ndose_a_la_derecha:,â†ªï¸
:cocodrilo:,ğŸŠ
:capricornio:,â™‘
:teclas_9:,9ï¸âƒ£
:3_en_punto:,ğŸ•’
:mano_con_seÃ±al_de_victoria_tono_de_piel_oscuro_medio:,âœŒğŸ¾
:persona_con_velo_tono_de_piel_claro:,ğŸ‘°ğŸ»
:manos_aplaudiendo_tono_de_piel_claro:,ğŸ‘ğŸ»
:bocadillo_de_enfado_por_la_derecha:,ğŸ—¯
:cara_guiÃ±ando_el_ojo:,ğŸ˜‰
:bandera_ceuta_y_melilla:,ğŸ‡ªğŸ‡¦
:scooter:,ğŸ›µ
:persona_con_barba_tono_de_piel_oscuro:,ğŸ§”ğŸ¿
:mamÃ¡_noel_tono_de_piel_claro_medio:,ğŸ¤¶ğŸ¼
:rombo_con_pÃ©talo:,ğŸ’ 
:pingÃ¼ino:,ğŸ§
:bandera_nigeria:,ğŸ‡³ğŸ‡¬
:perro_guÃ­a:,ğŸ¦®
:flecha_hacia_arriba:,â¬†ï¸
:dorso_de_mano_con_Ã­ndice_a_la_derecha_tono_de_piel_oscuro:,ğŸ‘‰ğŸ¿
:rosa:,ğŸŒ¹
:bandera_mauritania:,ğŸ‡²ğŸ‡·
:personaje_de_supervillano_tono_de_piel_medio:,ğŸ¦¹ğŸ½
:cantante_mujer_tono_de_piel_claro_medio:,ğŸ‘©ğŸ¼â€ğŸ¤
:bandera_kirguistÃ¡n:,ğŸ‡°ğŸ‡¬
:corte_de_carne:,ğŸ¥©
:luna_de_cuarto_creciente_con_cara:,ğŸŒ›
:saludo_vulcano:,ğŸ––
:mujer_tono_de_piel_claro_medio_y_pelo_pelirrojo:,ğŸ‘©ğŸ¼â€ğŸ¦°
:cÃ­rculo_verde:,ğŸŸ¢
:marca_de_verificaciÃ³n:,âœ”ï¸
:mano_con_la_palma_hacia_abajo_tono_de_piel_claro_medio:,ğŸ«³ğŸ¼
:obras:,ğŸš§
:mujer_tono_de_piel_oscuro_y_pelo_blanco:,ğŸ‘©ğŸ¿â€ğŸ¦³
:bandera_liberia:,ğŸ‡±ğŸ‡·
:robot:,ğŸ¤–
:cara_de_cerdo:,ğŸ·
:persona_adulta_tono_de_piel_claro_y_pelo_blanco:,ğŸ§‘ğŸ»â€ğŸ¦³
:seÃ±al_de_aprobaciÃ³n_con_la_mano_tono_de_piel_medio:,ğŸ‘ŒğŸ½
:hombres_de_la_mano:,ğŸ‘¬
:profesional_de_la_mecÃ¡nica_hombre_tono_de_piel_medio:,ğŸ‘¨ğŸ½â€ğŸ”§
:persona_adulta_tono_de_piel_oscuro:,ğŸ§‘ğŸ¿
:mujer_y_hombre_de_la_mano_tono_de_piel_claro_medio_y_tono_de_piel_medio:,ğŸ‘©ğŸ¼â€ğŸ¤â€ğŸ‘¨ğŸ½
:bandera_alemania:,ğŸ‡©ğŸ‡ª
:persona_jugando_al_balonmano_tono_de_piel_claro_medio:,ğŸ¤¾ğŸ¼
:desierto:,ğŸœ
:helicÃ³ptero:,ğŸš
:lÃ¡piz:,âœ
:persona_en_la_baÃ±era_tono_de_piel_medio:,ğŸ›€ğŸ½
:bandera_blanca:,ğŸ³
:seÃ±al_de_aprobaciÃ³n_con_la_mano_tono_de_piel_claro_medio:,ğŸ‘ŒğŸ¼
:profesional_de_la_ciencia_mujer:,ğŸ‘©â€ğŸ”¬
:rueda_del_dharma:,â˜¸ï¸
:profesional_de_la_tecnologÃ­a_hombre_tono_de_piel_claro:,ğŸ‘¨ğŸ»â€ğŸ’»
:mano_haciendo_el_signo_de_cuernos_tono_de_piel_claro_medio:,ğŸ¤˜ğŸ¼
:granizado_hawaiano:,ğŸ§
:seÃ±al_de_bebÃ©:,ğŸš¼
:baguete:,ğŸ¥–
:piedra:,ğŸª¨
:familia_mujer_mujer_niÃ±a_niÃ±o:,ğŸ‘©â€ğŸ‘©â€ğŸ‘§â€ğŸ‘¦
:ajo:,ğŸ§„
:mano_levantada_tono_de_piel_claro:,âœ‹ğŸ»
:bombero_tono_de_piel_claro_medio:,ğŸ§‘ğŸ¼â€ğŸš’
:astronauta_mujer_tono_de_piel_claro_medio:,ğŸ‘©ğŸ¼â€ğŸš€
:persona_nadando:,ğŸŠ
:gato_llorando:,ğŸ˜¿
:botÃ³n_con_marca_de_cruz:,â
:mujer_tono_de_piel_claro_medio_y_pelo_blanco:,ğŸ‘©ğŸ¼â€ğŸ¦³
:champiÃ±Ã³n:,ğŸ„
:profesional_sanitario_mujer_tono_de_piel_oscuro:,ğŸ‘©ğŸ¿â€âš•ï¸
:persona_haciendo_el_gesto_de_no_tono_de_piel_claro_medio:,ğŸ™…ğŸ¼
:castaÃ±a:,ğŸŒ°
:ciclÃ³n:,ğŸŒ€
:mujer:,ğŸ‘©
:hombre_tono_de_piel_medio_y_pelo_rizado:,ğŸ‘¨ğŸ½â€ğŸ¦±
:archivador:,ğŸ—„ï¸
:globo_terrÃ¡queo_con_meridianos:,ğŸŒ
:ninja_tono_de_piel_oscuro:,ğŸ¥·ğŸ¿
:mujer_tono_de_piel_claro_y_sin_pelo:,ğŸ‘©ğŸ»â€ğŸ¦²
:melocotÃ³n:,ğŸ‘
:persona_jugando_al_waterpolo_tono_de_piel_oscuro_medio:,ğŸ¤½ğŸ¾
:cien_puntos:,ğŸ’¯
:dorso_de_mano_con_Ã­ndice_hacia_abajo_tono_de_piel_oscuro:,ğŸ‘‡ğŸ¿
:bandera_isla_de_man:,ğŸ‡®ğŸ‡²
:persona_en_silla_de_ruedas_elÃ©ctrica:,ğŸ§‘â€ğŸ¦¼
:fuente:,â›²
:brazo_mecÃ¡nico:,ğŸ¦¾
:pulmones:,ğŸ«
:mano_levantada_tono_de_piel_medio:,âœ‹ğŸ½
:corazÃ³n_morado:,ğŸ’œ
:flecha_hacia_la_esquina_superior_derecha:,â†—ï¸
:persona_esquiando:,â›·
:teclado_musical:,ğŸ¹
:dedo_Ã­ndice_hacia_arriba_tono_de_piel_claro:,â˜ğŸ»
:bandera_ciudad_del_vaticano:,ğŸ‡»ğŸ‡¦
:volcÃ¡n:,ğŸŒ‹
:chancla:,ğŸ©´
:persona_jugando_al_balonmano_tono_de_piel_claro:,ğŸ¤¾ğŸ»
:bombero_tono_de_piel_claro:,ğŸ§‘ğŸ»â€ğŸš’
:persona_con_turbante_tono_de_piel_medio:,ğŸ‘³ğŸ½
:cara_pidiendo_silencio:,ğŸ¤«
:cara_radiante_con_ojos_sonrientes:,ğŸ˜
:apretÃ³n_de_manos_tono_de_piel_medio:,ğŸ¤ğŸ½
:ferrocarril_de_montaÃ±a:,ğŸš
:puÃ±o_cerrado_tono_de_piel_claro:,ğŸ‘ŠğŸ»
:bandera_haitÃ­:,ğŸ‡­ğŸ‡¹
:hombre_tono_de_piel_claro_y_sin_pelo:,ğŸ‘¨ğŸ»â€ğŸ¦²
:ensalada:,ğŸ¥—
:persona_de_mostrador_de_informaciÃ³n_tono_de_piel_claro:,ğŸ’ğŸ»
:bandera_cabo_verde:,ğŸ‡¨ğŸ‡»
:sake:,ğŸ¶
:saxofÃ³n:,ğŸ·
:profesional_sanitario_mujer:,ğŸ‘©â€âš•ï¸
:profesional_industrial_mujer:,ğŸ‘©â€ğŸ­
:cigarrillo:,ğŸš¬
:persona_cortÃ¡ndose_el_pelo_tono_de_piel_oscuro:,ğŸ’‡ğŸ¿
:nube_con_rayo_y_lluvia:,â›ˆ
:sushi:,ğŸ£
:nido_vacÃ­o:,ğŸª¹
:consigna:,ğŸ›…
:hormiga:,ğŸœ
:cÃ­rculo_morado:,ğŸŸ£
:muÃ±eco_de_nieve:,â›„
:bebÃ©_tono_de_piel_claro:,ğŸ‘¶ğŸ»
:persona_adulta_tono_de_piel_claro_y_pelo_pelirrojo:,ğŸ§‘ğŸ»â€ğŸ¦°
:bandera_tuvalu:,ğŸ‡¹ğŸ‡»
:cara_con_sudor_frÃ­o:,ğŸ˜“
:profesional_de_la_agricultura_mujer:,ğŸ‘©â€ğŸŒ¾
:grupo_sanguÃ­neo_b:,ğŸ…±ï¸
:dedo_corazÃ³n_hacia_arriba_tono_de_piel_claro:,ğŸ–•ğŸ»
:pareja_enamorada:,ğŸ’‘
:dorso_de_mano_con_Ã­ndice_hacia_arriba_tono_de_piel_claro:,ğŸ‘†ğŸ»
:tranvÃ­a:,ğŸšŠ
:serpiente:,ğŸ
:hombre_con_bastÃ³n_tono_de_piel_medio:,ğŸ‘¨ğŸ½â€ğŸ¦¯
:dedos_cruzados_tono_de_piel_medio:,ğŸ¤ğŸ½
:hombre_bailando_tono_de_piel_oscuro_medio:,ğŸ•ºğŸ¾
:bandera_francia:,ğŸ‡«ğŸ‡·
:gato_sonriendo:,ğŸ˜º
:patinete:,ğŸ›´
:tauro:,â™‰
:palo_de_diamantes:,â™¦ï¸
:candado_cerrado_y_llave:,ğŸ”
:persona_adulta_rubia_tono_de_piel_claro:,ğŸ‘±ğŸ»
:cara_cabreada:,ğŸ˜¡
:verdura_de_hoja_verde:,ğŸ¥¬
:piscis:,â™“
:cara_sin_boca:,ğŸ˜¶
:rana:,ğŸ¸
:palmas_hacia_arriba_juntas:,ğŸ¤²
:una_y_media:,ğŸ•œ
:manos_abiertas_tono_de_piel_claro:,ğŸ‘ğŸ»
:seÃ±al_de_usar_papelera:,ğŸš®
:mono:,ğŸ’
:fiscal:,ğŸ§‘â€âš–ï¸
:dorso_de_mano_con_Ã­ndice_hacia_arriba_tono_de_piel_oscuro_medio:,ğŸ‘†ğŸ¾
:galleta:,ğŸª
:saludo_vulcano_tono_de_piel_medio:,ğŸ––ğŸ½
:hombre_con_bastÃ³n_tono_de_piel_claro_medio:,ğŸ‘¨ğŸ¼â€ğŸ¦¯
:persona_maga_tono_de_piel_medio:,ğŸ§™ğŸ½
:hoja_de_arce:,ğŸ
:bicho:,ğŸ›
:persona_con_la_mano_en_la_frente_tono_de_piel_medio:,ğŸ¤¦ğŸ½
:cometa:,ğŸª
:mÃ¡scaras_de_teatro:,ğŸ­
:copa_de_vino:,ğŸ·
:teclado:,âŒ¨
:detective_tono_de_piel_claro:,ğŸ•µğŸ»
:botÃ³n_ng:,ğŸ†–
:bandera_brasil:,ğŸ‡§ğŸ‡·
:anciana:,ğŸ‘µ
:palillos:,ğŸ¥¢
:persona_remando_en_un_bote_tono_de_piel_claro_medio:,ğŸš£ğŸ¼
:persona_adulta_pelo_blanco:,ğŸ§‘â€ğŸ¦³
:tractor:,ğŸšœ
:practicante_de_snowboard:,ğŸ‚
:playa_y_sombrilla:,ğŸ–ï¸
:cesta:,ğŸ§º
:perezoso:,ğŸ¦¥
:bota_de_mujer:,ğŸ‘¢
:medalla_de_oro:,ğŸ¥‡
:cara_asombrada:,ğŸ˜²
:mano_abierta_tono_de_piel_claro:,ğŸ–ğŸ»
:tren:,ğŸš†
:flecha_hacia_abajo:,â¬‡
:manos_levantadas_celebrando_tono_de_piel_claro_medio:,ğŸ™ŒğŸ¼
:piÃ±a:,ğŸ
:carrera_de_caballos_tono_de_piel_claro_medio:,ğŸ‡ğŸ¼
:fotograma_de_pelÃ­cula:,ğŸ
:globo_terrÃ¡queo_mostrando_asia_y_australia:,ğŸŒ
:profesional_de_la_construcciÃ³n:,ğŸ‘·
:vampiro:,ğŸ§›
:luna_menguante:,ğŸŒ˜
:estudiante_hombre_tono_de_piel_medio:,ğŸ‘¨ğŸ½â€ğŸ“
:megÃ¡fono:,ğŸ“£
:mano_con_dedo_Ã­ndice_y_pulgar_cruzados:,ğŸ«°
:bandera_isla_bouvet:,ğŸ‡§ğŸ‡»
:cangrejo:,ğŸ¦€
:leo:,â™Œ
:om:,ğŸ•‰
:lÃ­quido_derramÃ¡ndose:,ğŸ«—
:candado_cerrado:,ğŸ”’
:personaje_de_superhÃ©roe:,ğŸ¦¸
:pila:,ğŸ”‹
:familia_hombre_mujer_niÃ±o:,ğŸ‘¨â€ğŸ‘©â€ğŸ‘¦
:tren_de_alta_velocidad:,ğŸš„
:pista_anterior:,â®ï¸
:astronauta_mujer:,ğŸ‘©â€ğŸš€
:dorso_de_mano_con_Ã­ndice_a_la_izquierda_tono_de_piel_oscuro_medio:,ğŸ‘ˆğŸ¾
:cara_con_el_ceÃ±o_ligeramente_fruncido:,ğŸ™
:cara_con_sÃ­mbolos_en_la_boca:,ğŸ¤¬
:cuadrado_blanco_pequeÃ±o:,â–«ï¸
:vampiro_tono_de_piel_oscuro_medio:,ğŸ§›ğŸ¾
:persona_en_posiciÃ³n_de_loto_tono_de_piel_oscuro:,ğŸ§˜ğŸ¿
:hombres_de_la_mano_tono_de_piel_oscuro:,ğŸ‘¬ğŸ¿
:persona_caminando_tono_de_piel_claro_medio:,ğŸš¶ğŸ¼
:bagel:,ğŸ¥¯
:dorso_de_mano_con_Ã­ndice_a_la_izquierda_tono_de_piel_medio:,ğŸ‘ˆğŸ½
:telÃ©fono_mÃ³vil:,ğŸ“±
:bandera_suiza:,ğŸ‡¨ğŸ‡­
:chispas:,âœ¨
:pie_tono_de_piel_claro:,ğŸ¦¶ğŸ»
:oreja_tono_de_piel_oscuro:,ğŸ‘‚ğŸ¿
:ideograma_japonÃ©s_para_enhorabuena:,ãŠ—ï¸
:flechas_verticales_en_sentido_horario:,ğŸ”ƒ
:persona_jugando_al_waterpolo_tono_de_piel_claro_medio:,ğŸ¤½ğŸ¼
:profesional_industrial_tono_de_piel_claro:,ğŸ§‘ğŸ»â€ğŸ­
:prohibido_el_uso_de_mÃ³viles:,ğŸ“µ
:apretÃ³n_de_manos_tono_de_piel_oscuro_medio:,ğŸ¤ğŸ¾
:persona_en_la_cama:,ğŸ›Œ
:chef_tono_de_piel_medio:,ğŸ§‘ğŸ½â€ğŸ³
:bandera_ruanda:,ğŸ‡·ğŸ‡¼
:dorso_de_mano_con_Ã­ndice_a_la_derecha_tono_de_piel_oscuro_medio:,ğŸ‘‰ğŸ¾
:hombre_bailando_tono_de_piel_medio:,ğŸ•ºğŸ½
:nube:,â˜
:cara_sonriendo_con_ojos_grandes:,ğŸ˜ƒ
:chef_mujer_tono_de_piel_medio:,ğŸ‘©ğŸ½â€ğŸ³
:persona_corriendo_tono_de_piel_oscuro:,ğŸƒğŸ¿
:tijeras:,âœ‚ï¸
:niÃ±o_tono_de_piel_oscuro_medio:,ğŸ‘¦ğŸ¾
:dedos_cruzados:,ğŸ¤
:puÃ±o_hacia_la_derecha_tono_de_piel_oscuro:,ğŸ¤œğŸ¿
:persona_levantando_pesas_tono_de_piel_medio:,ğŸ‹ğŸ½
:pierna_tono_de_piel_claro_medio:,ğŸ¦µğŸ¼
:persona_remando_en_un_bote_tono_de_piel_medio:,ğŸš£ğŸ½
:paracaÃ­das:,ğŸª‚
:persona_en_silla_de_ruedas_manual_tono_de_piel_claro_medio:,ğŸ§‘ğŸ¼â€ğŸ¦½
:bandera_antÃ¡rtida:,ğŸ‡¦ğŸ‡¶
:libro_cerrado:,ğŸ“•
:bebÃ©_Ã¡ngel_tono_de_piel_oscuro:,ğŸ‘¼ğŸ¿
:cartas_de_flores:,ğŸ´
:persona_con_la_mano_levantada_tono_de_piel_claro:,ğŸ™‹ğŸ»
:anciano_tono_de_piel_claro_medio:,ğŸ‘´ğŸ¼
:bÃºho:,ğŸ¦‰
:profesional_de_la_agricultura:,ğŸ§‘â€ğŸŒ¾
:dedos_cruzados_tono_de_piel_claro_medio:,ğŸ¤ğŸ¼
:bandera_cuba:,ğŸ‡¨ğŸ‡º
:dorso_de_la_mano_tono_de_piel_claro:,ğŸ¤šğŸ»
:lÃ¡pida:,ğŸª¦
:golfista:,ğŸŒï¸
:bandera_pakistÃ¡n:,ğŸ‡µğŸ‡°
:paleta_de_pintor:,ğŸ¨
:guante_de_boxeo:,ğŸ¥Š
:manos_aplaudiendo_tono_de_piel_oscuro_medio:,ğŸ‘ğŸ¾
:11_en_punto:,ğŸ•š
:bandera_nicaragua:,ğŸ‡³ğŸ‡®
:mosquito:,ğŸ¦Ÿ
:ciervo:,ğŸ¦Œ
:lengua:,ğŸ‘…
:persona_sorda_tono_de_piel_medio:,ğŸ§ğŸ½
:oficinista:,ğŸ§‘â€ğŸ’¼
:hueso:,ğŸ¦´
:persona_con_la_mano_levantada_tono_de_piel_oscuro_medio:,ğŸ™‹ğŸ¾
:colisiÃ³n:,ğŸ’¥
:cara_desesperada:,ğŸ˜£
:cohete:,ğŸš€
:vaqueros:,ğŸ‘–
:dedo_corazÃ³n_hacia_arriba:,ğŸ–•
:cara_aguantÃ¡ndose_las_lÃ¡grimas:,ğŸ¥¹
:urna_funeraria:,âš±
:fiscal_hombre_tono_de_piel_medio:,ğŸ‘¨ğŸ½â€âš–ï¸
:cÃ¡mara_con_flash:,ğŸ“¸
:bandera_irak:,ğŸ‡®ğŸ‡¶
:profesional_de_la_agricultura_mujer_tono_de_piel_claro:,ğŸ‘©ğŸ»â€ğŸŒ¾
:corazÃ³n_azul:,ğŸ’™
:joystick:,ğŸ•¹
:diana:,ğŸ¯
:bandera_kenia:,ğŸ‡°ğŸ‡ª
:recibo:,ğŸ§¾
:monopatÃ­n:,ğŸ›¹
:oficinista_mujer_tono_de_piel_claro:,ğŸ‘©ğŸ»â€ğŸ’¼
:mano_saludando_tono_de_piel_medio:,ğŸ‘‹ğŸ½
:carrera_de_caballos_tono_de_piel_claro:,ğŸ‡ğŸ»
:ramo_de_flores:,ğŸ’
:retroceso_rÃ¡pido:,âª
:corbata:,ğŸ‘”
:profesional_de_la_construcciÃ³n_tono_de_piel_medio:,ğŸ‘·ğŸ½
:bandera_san_marino:,ğŸ‡¸ğŸ‡²
:artista_tono_de_piel_medio:,ğŸ§‘ğŸ½â€ğŸ¨
:ideograma_japonÃ©s_para_reservado:,ğŸˆ¯
:rueda:,ğŸ›
:bandera_singapur:,ğŸ‡¸ğŸ‡¬
:campana_con_signo_de_cancelaciÃ³n:,ğŸ”•
:carpa_de_circo:,ğŸª
:hombre_tono_de_piel_claro_medio_y_pelo_rizado:,ğŸ‘¨ğŸ¼â€ğŸ¦±
:canoa:,ğŸ›¶
:fÃ¡brica:,ğŸ­
:vaso_con_pajita:,ğŸ¥¤
:zapatillas_de_ballet:,ğŸ©°
:persona_en_bicicleta_tono_de_piel_oscuro_medio:,ğŸš´ğŸ¾
:cuadrado_naranja:,ğŸŸ§
:persona_en_bicicleta:,ğŸš´
:triÃ¡ngulo_hacia_arriba:,ğŸ”¼
:patata_asada:,ğŸ 
:flecha_on!:,ğŸ”›
:mano_con_la_palma_hacia_abajo:,ğŸ«³
:muleta:,ğŸ©¼
:persona_levantando_pesas_tono_de_piel_oscuro:,ğŸ‹ğŸ¿
:retroceso:,â—€
:dorso_de_mano_con_Ã­ndice_a_la_derecha_tono_de_piel_claro_medio:,ğŸ‘‰ğŸ¼
:porterÃ­a:,ğŸ¥…
:bandera_estonia:,ğŸ‡ªğŸ‡ª
:caja_para_llevar:,ğŸ¥¡
:bandera_zimbabue:,ğŸ‡¿ğŸ‡¼
:monedero:,ğŸ‘›
:persona_haciendo_el_gesto_de_no_tono_de_piel_oscuro_medio:,ğŸ™…ğŸ¾
:corazÃ³n_creciente:,ğŸ’—
:ducha:,ğŸš¿
:helado:,ğŸ¨
:gorra_con_visera:,ğŸ§¢
:orangutÃ¡n:,ğŸ¦§
:manos_en_oraciÃ³n_tono_de_piel_claro_medio:,ğŸ™ğŸ¼
:flechas_en_sentido_antihorario:,ğŸ”„
:teclas_3:,3âƒ£
:caÃ±Ã³n_de_confeti:,ğŸ‰
:mujer_embarazada_tono_de_piel_oscuro_medio:,ğŸ¤°ğŸ¾
:persona_jugando_al_golf:,ğŸŒ
:pollito:,ğŸ¤
:profesional_industrial_hombre_tono_de_piel_claro_medio:,ğŸ‘¨ğŸ¼â€ğŸ­
:estudiante_hombre:,ğŸ‘¨â€ğŸ“
:fiscal_hombre:,ğŸ‘¨â€âš–ï¸
:manos_levantadas_celebrando_tono_de_piel_oscuro_medio:,ğŸ™ŒğŸ¾
:hombre_tono_de_piel_claro:,ğŸ‘¨ğŸ»
:persona_en_bicicleta_de_montaÃ±a:,ğŸšµ
:bandeja_de_entrada:,ğŸ“¥
:cisne:,ğŸ¦¢
:hockey_sobre_hielo:,ğŸ’
:pierna:,ğŸ¦µ
:bandera_azerbaiyÃ¡n:,ğŸ‡¦ğŸ‡¿
:mando_de_videoconsola:,ğŸ®
:parque_nacional:,ğŸï¸
:niÃ±os_cruzando:,ğŸš¸
:apretÃ³n_de_manos_tono_de_piel_claro_y_tono_de_piel_claro_medio:,ğŸ«±ğŸ»â€ğŸ«²ğŸ¼
:bandera_armenia:,ğŸ‡¦ğŸ‡²
:mujer_con_hiyab_tono_de_piel_claro:,ğŸ§•ğŸ»
:cara_con_ansiedad_y_sudor:,ğŸ˜°
:gesto_de_te_quiero:,ğŸ¤Ÿ
:disco_volador:,ğŸ¥
:mano_hacia_la_derecha_tono_de_piel_medio:,ğŸ«±ğŸ½
:regla:,ğŸ“
:cama:,ğŸ›ï¸
:delfÃ­n:,ğŸ¬
:persona_frunciendo_el_ceÃ±o:,ğŸ™
:cara_con_lÃ­nea_de_puntos:,ğŸ«¥
:cara_mareada:,ğŸ˜µ
:bandeja_de_salida:,ğŸ“¤
:canguro:,ğŸ¦˜
:persona_haciendo_el_gesto_de_de_acuerdo_tono_de_piel_oscuro:,ğŸ™†ğŸ¿
:pintarse_las_uÃ±as_tono_de_piel_claro:,ğŸ’…ğŸ»
:hotel_del_amor:,ğŸ©
:aceituna:,ğŸ«’
:pincel:,ğŸ–Œï¸
:docente_mujer:,ğŸ‘©â€ğŸ«
:pelota_de_voleibol:,ğŸ
:escoba:,ğŸ§¹
:corazÃ³n_naranja:,ğŸ§¡
:princesa_tono_de_piel_claro_medio:,ğŸ‘¸ğŸ¼
:cara_llorando_de_risa:,ğŸ˜‚
:flecha_back:,ğŸ”™
:brÃ³coli:,ğŸ¥¦
:2_en_punto:,ğŸ•‘
:persona_haciendo_malabares_tono_de_piel_claro_medio:,ğŸ¤¹ğŸ¼
:mujer_bailando_tono_de_piel_medio:,ğŸ’ƒğŸ½
:persona_con_bastÃ³n_tono_de_piel_claro:,ğŸ§‘ğŸ»â€ğŸ¦¯
:sari:,ğŸ¥»
:persona_encogida_de_hombros_tono_de_piel_oscuro:,ğŸ¤·ğŸ¿
:santuario_sintoÃ­sta:,â›©
:yin_yang:,â˜¯ï¸
:persona_haciendo_surf_tono_de_piel_claro:,ğŸ„ğŸ»
:gancho:,ğŸª
:hombre_con_bastÃ³n:,ğŸ‘¨â€ğŸ¦¯
:personaje_de_supervillano_tono_de_piel_claro:,ğŸ¦¹ğŸ»
:vampiro_tono_de_piel_medio:,ğŸ§›ğŸ½
:claqueta:,ğŸ¬
:crÃ­quet:,ğŸ
:coco:,ğŸ¥¥
:luna_llena_con_cara:,ğŸŒ
:cara_con_boca_diagonal:,ğŸ«¤
:seÃ±al_de_aprobaciÃ³n_con_la_mano_tono_de_piel_oscuro_medio:,ğŸ‘ŒğŸ¾
:familia_hombre_hombre_niÃ±a_niÃ±a:,ğŸ‘¨â€ğŸ‘¨â€ğŸ‘§â€ğŸ‘§
:elfo_tono_de_piel_claro:,ğŸ§ğŸ»
:cuadrado_negro_pequeÃ±o:,â–ªï¸
:bandera_irlanda:,ğŸ‡®ğŸ‡ª
:oso_polar:,ğŸ»â€â„ï¸
:persona_con_esmoquin:,ğŸ¤µ
:dorso_de_mano_con_Ã­ndice_hacia_abajo_tono_de_piel_oscuro_medio:,ğŸ‘‡ğŸ¾
:direcciÃ³n_prohibida:,â›”
:flecha_hacia_la_esquina_superior_izquierda:,â†–ï¸
:autobÃºs:,ğŸšŒ
:mano_pellizcando_tono_de_piel_claro_medio:,ğŸ¤ğŸ¼
:persona_con_barba_tono_de_piel_medio:,ğŸ§”ğŸ½
:ninja_tono_de_piel_oscuro_medio:,ğŸ¥·ğŸ¾
:reloj:,âŒš
:dragÃ³n:,ğŸ‰
:persona_corriendo_tono_de_piel_claro_medio:,ğŸƒğŸ¼
:bandera_islas_vÃ­rgenes_de_ee._uu.:,ğŸ‡»ğŸ‡®
:bebÃ©_Ã¡ngel_tono_de_piel_oscuro_medio:,ğŸ‘¼ğŸ¾
:bandera_territorios_palestinos:,ğŸ‡µğŸ‡¸
:sol_con_cara:,ğŸŒ
:persona_maga_tono_de_piel_claro_medio:,ğŸ§™ğŸ¼
:teclas_4:,4âƒ£
:hombre_embarazado_tono_de_piel_claro:,ğŸ«ƒğŸ»
:persona_con_esmoquin_tono_de_piel_oscuro_medio:,ğŸ¤µğŸ¾
:bandera_sudÃ¡frica:,ğŸ‡¿ğŸ‡¦
:gallo:,ğŸ“
:pie_tono_de_piel_claro_medio:,ğŸ¦¶ğŸ¼
:cara_de_confusiÃ³n:,ğŸ˜•
:mÃ¡quina_de_fax:,ğŸ“ 
:niÃ±a_tono_de_piel_claro_medio:,ğŸ‘§ğŸ¼
:cara_con_mano_sobre_la_boca:,ğŸ¤­
:bandera_zambia:,ğŸ‡¿ğŸ‡²
:cara_asustada:,ğŸ˜¨
:pierna_tono_de_piel_claro:,ğŸ¦µğŸ»
:guantes:,ğŸ§¤
:jabÃ³n:,ğŸ§¼
:cara_desanimada:,ğŸ˜”
:pieza_de_puzle:,ğŸ§©
:chef_hombre:,ğŸ‘¨â€ğŸ³
:engranaje:,âš™ï¸
:cara_saboreando_comida:,ğŸ˜‹
:mano_hacia_la_derecha:,ğŸ«±
:bandera_italia:,ğŸ‡®ğŸ‡¹
:manos_levantadas_celebrando_tono_de_piel_medio:,ğŸ™ŒğŸ½
:persona_con_esmoquin_tono_de_piel_medio:,ğŸ¤µğŸ½
:persona_adulta_rubia_tono_de_piel_oscuro:,ğŸ‘±ğŸ¿
:puÃ±o_en_alto_tono_de_piel_claro_medio:,âœŠğŸ¼
:banco:,ğŸ¦
:lancha_motora:,ğŸš¤
:urna_con_papeleta:,ğŸ—³ï¸
:persona_haciendo_una_reverencia_tono_de_piel_claro:,ğŸ™‡ğŸ»
:dedo_corazÃ³n_hacia_arriba_tono_de_piel_medio:,ğŸ–•ğŸ½
:flor_de_lis:,âšœï¸
:persona_con_barba:,ğŸ§”
:fantasma:,ğŸ‘»
:selfi_tono_de_piel_claro_medio:,ğŸ¤³ğŸ¼
:gato:,ğŸˆ
:pato:,ğŸ¦†
:bandera_guatemala:,ğŸ‡¬ğŸ‡¹
:dorso_de_mano_con_Ã­ndice_a_la_izquierda:,ğŸ‘ˆ
:pulgar_hacia_arriba_tono_de_piel_claro:,ğŸ‘ğŸ»
:pergamino:,ğŸ“œ
:palmas_hacia_arriba_juntas_tono_de_piel_claro_medio:,ğŸ¤²ğŸ¼
:niÃ±o:,ğŸ‘¦
:emblema_de_tridente:,ğŸ”±
:chaleco_de_seguridad:,ğŸ¦º
:guardia_tono_de_piel_claro_medio:,ğŸ’‚ğŸ¼
:cuadrado_azul:,ğŸŸ¦
:cara_revolviÃ©ndose_de_la_risa:,ğŸ¤£
:sombrero_de_mujer:,ğŸ‘’
:persona_con_bastÃ³n:,ğŸ§‘â€ğŸ¦¯
:Ã¡rbol_de_navidad:,ğŸ„
:noel_tono_de_piel_claro_medio:,ğŸ§‘ğŸ¼â€ğŸ„
:personaje_de_superhÃ©roe_tono_de_piel_claro_medio:,ğŸ¦¸ğŸ¼
:familia_mujer_mujer_niÃ±o:,ğŸ‘©â€ğŸ‘©â€ğŸ‘¦
:sobre_con_flecha:,ğŸ“©
:cara_de_caballo:,ğŸ´
:profesional_de_la_tecnologÃ­a_mujer_tono_de_piel_oscuro_medio:,ğŸ‘©ğŸ¾â€ğŸ’»
:paraguas_cerrado:,ğŸŒ‚
:bandera_rusia:,ğŸ‡·ğŸ‡º
:hombre_bailando_tono_de_piel_claro_medio:,ğŸ•ºğŸ¼
:alienÃ­gena:,ğŸ‘½
:profesional_de_la_ciencia_mujer_tono_de_piel_medio:,ğŸ‘©ğŸ½â€ğŸ”¬
:manos_en_oraciÃ³n_tono_de_piel_medio:,ğŸ™ğŸ½
:docente_hombre:,ğŸ‘¨â€ğŸ«
:altavoz_a_volumen_bajo:,ğŸ”ˆ
:taco:,ğŸŒ®
:altavoz_silenciado:,ğŸ”‡
:ostra:,ğŸ¦ª
:burbujas:,ğŸ«§
:bandera_nauru:,ğŸ‡³ğŸ‡·
:mujer_bailando_tono_de_piel_oscuro_medio:,ğŸ’ƒğŸ¾
:teclas_1:,1ï¸âƒ£
:exclamaciÃ³n_roja:,â—
:vaso_de_whisky:,ğŸ¥ƒ
:mano_levantada_tono_de_piel_oscuro:,âœ‹ğŸ¿
:persona_adulta_pelo_pelirrojo:,ğŸ§‘â€ğŸ¦°
:dedos_juntos_apuntando_hacia_arriba_tono_de_piel_oscuro:,ğŸ¤ŒğŸ¿
:castillo_europeo:,ğŸ°
:persona_adulta_rubia_tono_de_piel_oscuro_medio:,ğŸ‘±ğŸ¾
:mamut:,ğŸ¦£
:persona_de_rodillas_tono_de_piel_claro_medio:,ğŸ§ğŸ¼
:repetir:,ğŸ”
:persona_en_bicicleta_de_montaÃ±a_tono_de_piel_claro:,ğŸšµğŸ»
:pintarse_las_uÃ±as:,ğŸ’…
:sal:,ğŸ§‚
:oso:,ğŸ»
:anciano:,ğŸ‘´
:bolÃ­grafo:,ğŸ–Šï¸
:tenedor_y_cuchillo:,ğŸ´
:mano_haciendo_el_signo_de_cuernos_tono_de_piel_oscuro_medio:,ğŸ¤˜ğŸ¾
:cara_neutral:,ğŸ˜
:persona_haciendo_el_gesto_de_de_acuerdo_tono_de_piel_oscuro_medio:,ğŸ™†ğŸ¾
:mano_hacia_la_izquierda_tono_de_piel_claro:,ğŸ«²ğŸ»
:bÃ­ceps_flexionado_tono_de_piel_oscuro:,ğŸ’ªğŸ¿
:pico:,â›ï¸
:persona_levantando_pesas_tono_de_piel_claro_medio:,ğŸ‹ğŸ¼
:oreja_tono_de_piel_claro:,ğŸ‘‚ğŸ»
:persona_sirena_tono_de_piel_medio:,ğŸ§œğŸ½
:cara_llorando_fuerte:,ğŸ˜­
:cÃ¡mara_de_cine:,ğŸ¥
:bandera_rae_de_macao_(china):,ğŸ‡²ğŸ‡´
:mano_con_seÃ±al_de_victoria_tono_de_piel_oscuro:,âœŒğŸ¿
:estudiante_mujer_tono_de_piel_claro_medio:,ğŸ‘©ğŸ¼â€ğŸ“
:cara_agotada:,ğŸ˜©
:cara_con_ceja_alzada:,ğŸ¤¨
:sÃ¡ndwich:,ğŸ¥ª
:persona_caminando_tono_de_piel_oscuro_medio:,ğŸš¶ğŸ¾
:pastel_de_pescado_japonÃ©s:,ğŸ¥
:alto_voltaje:,âš¡
:paraguas_con_gotas_de_lluvia:,â˜”
:panda:,ğŸ¼
:mujer_y_hombre_de_la_mano:,ğŸ‘«
:tren_ligero:,ğŸšˆ
:traje_de_baÃ±o_de_una_pieza:,ğŸ©±
:tornillo_de_banco:,ğŸ—œ
:bandera_sudÃ¡n_del_sur:,ğŸ‡¸ğŸ‡¸
:menos:,â–
:infinito:,â™¾ï¸
:vampiro_tono_de_piel_claro_medio:,ğŸ§›ğŸ¼
:docente_mujer_tono_de_piel_oscuro:,ğŸ‘©ğŸ¿â€ğŸ«
:gafas:,ğŸ‘“
:etiqueta_identificativa:,ğŸ“›
:bandera_guam:,ğŸ‡¬ğŸ‡º
:persona_caminando_tono_de_piel_medio:,ğŸš¶ğŸ½
:mate:,ğŸ§‰
:cara_sonriendo_con_ojos_de_corazÃ³n:,ğŸ˜
:persona_haciendo_una_reverencia:,ğŸ™‡
:cara_de_ratÃ³n:,ğŸ­
:termÃ³metro:,ğŸŒ¡
:bebÃ©_tono_de_piel_oscuro:,ğŸ‘¶ğŸ¿
:riesgo_biolÃ³gico:,â˜£
:puÃ±o_cerrado:,ğŸ‘Š
:bombero_hombre:,ğŸ‘¨â€ğŸš’
:castillo_japonÃ©s:,ğŸ¯
:bandera_lesoto:,ğŸ‡±ğŸ‡¸
:manos_formando_un_corazÃ³n_tono_de_piel_claro_medio:,ğŸ«¶ğŸ¼
:bandera_samoa:,ğŸ‡¼ğŸ‡¸
:sÃ­mbolo_de_mareo:,ğŸ’«
:persona_trajeada_levitando:,ğŸ•´
:dorso_de_mano_con_Ã­ndice_a_la_derecha_tono_de_piel_medio:,ğŸ‘‰ğŸ½
:persona_haciendo_una_reverencia_tono_de_piel_medio:,ğŸ™‡ğŸ½
:ideograma_japonÃ©s_para_aprobado:,ğŸˆ´
:semÃ¡foro:,ğŸš¦
:bandera_repÃºblica_democrÃ¡tica_del_congo:,ğŸ‡¨ğŸ‡©
:bandera_barÃ©in:,ğŸ‡§ğŸ‡­
:manos_aplaudiendo_tono_de_piel_oscuro:,ğŸ‘ğŸ¿
:carrera_de_caballos:,ğŸ‡
:olla_de_comida:,ğŸ²
:periÃ³dico:,ğŸ“°
:burrito:,ğŸŒ¯
:bandera_israel:,ğŸ‡®ğŸ‡±
:pimiento:,ğŸ«‘
:guion_ondulado:,ã€°
:persona_haciendo_pucheros_tono_de_piel_claro:,ğŸ™ğŸ»
:cara_feliz_con_ojos_sonrientes:,ğŸ˜Š
:mano_hacia_la_izquierda:,ğŸ«²
:demonio_japonÃ©s_tengu:,ğŸ‘º
:grabar:,âºï¸
:hojas_caÃ­das:,ğŸ‚
:bandera_bangladÃ©s:,ğŸ‡§ğŸ‡©
:tobogÃ¡n:,ğŸ›
:libro_azul:,ğŸ“˜
:vehÃ­culo_deportivo_utilitario:,ğŸš™
:pan_relleno:,ğŸ¥™
:dedo_Ã­ndice_apuntÃ¡ndote_a_ti_tono_de_piel_medio:,ğŸ«µğŸ½
:vampiro_tono_de_piel_claro:,ğŸ§›ğŸ»
:zombi:,ğŸ§Ÿ
:tono_de_piel_oscuro_medio:,ğŸ¾
:cara_decepcionada:,ğŸ˜
:cantante_mujer:,ğŸ‘©â€ğŸ¤
:bandera_granada:,ğŸ‡¬ğŸ‡©
:coral:,ğŸª¸
:dorso_de_mano_con_Ã­ndice_hacia_arriba_tono_de_piel_medio:,ğŸ‘†ğŸ½
:puÃ±o_cerrado_tono_de_piel_oscuro:,ğŸ‘ŠğŸ¿
:patata:,ğŸ¥”
:mujer_bailando_tono_de_piel_oscuro:,ğŸ’ƒğŸ¿
:bandera_tonga:,ğŸ‡¹ğŸ‡´
:bandera_islandia:,ğŸ‡®ğŸ‡¸
:sandÃ­a:,ğŸ‰
:bote_de_crema:,ğŸ§´
:cara_sonriendo:,ğŸ˜€
:campana:,ğŸ””
:profesional_de_la_mecÃ¡nica_tono_de_piel_claro:,ğŸ§‘ğŸ»â€ğŸ”§
:teclas_5:,5ï¸âƒ£
:cantante_hombre_tono_de_piel_oscuro_medio:,ğŸ‘¨ğŸ¾â€ğŸ¤
:fuegos_artificiales:,ğŸ†
:persona_adulta_tono_de_piel_oscuro_medio:,ğŸ§‘ğŸ¾
:manos_formando_un_corazÃ³n_tono_de_piel_oscuro_medio:,ğŸ«¶ğŸ¾
:papÃ¡_noel_tono_de_piel_oscuro_medio:,ğŸ…ğŸ¾
:escalera:,ğŸªœ
:puÃ±al:,ğŸ—¡
:flecha_soon:,ğŸ”œ
:patatas_fritas:,ğŸŸ
:bandera_australia:,ğŸ‡¦ğŸ‡º
:dedos_juntos_apuntando_hacia_arriba_tono_de_piel_claro:,ğŸ¤ŒğŸ»
:estudiante:,ğŸ§‘â€ğŸ“
:bandera_polonia:,ğŸ‡µğŸ‡±
:hombre_tono_de_piel_claro_y_pelo_blanco:,ğŸ‘¨ğŸ»â€ğŸ¦³
:bisonte:,ğŸ¦¬
:persona_jugando_al_golf_tono_de_piel_medio:,ğŸŒğŸ½
:mujer_en_silla_de_ruedas_manual_tono_de_piel_oscuro_medio:,ğŸ‘©ğŸ¾â€ğŸ¦½
:libro_naranja:,ğŸ“™
:mano_haciendo_el_signo_de_cuernos_tono_de_piel_medio:,ğŸ¤˜ğŸ½
:bandera_lituania:,ğŸ‡±ğŸ‡¹
:bandera_guyana:,ğŸ‡¬ğŸ‡¾
:bandera_uruguay:,ğŸ‡ºğŸ‡¾
:bola_de_espejos:,ğŸª©
:cinta_de_vÃ­deo:,ğŸ“¼
:nariz_de_cerdo:,ğŸ½
:brocheta:,ğŸ¢
:persona_en_una_sauna:,ğŸ§–
:bandera_vietnam:,ğŸ‡»ğŸ‡³
:aseo_para_hombres:,ğŸš¹
:estaciÃ³n_de_tren:,ğŸš‰
:persona_maga:,ğŸ§™
:marca_de_beso:,ğŸ’‹
:perro_de_servicio:,ğŸ•â€ğŸ¦º
:hockey_sobre_hierba:,ğŸ‘
:luna_de_cuarto_menguante_con_cara:,ğŸŒœ
:m_en_cÃ­rculo:,â“‚ï¸
:teclas_2:,2âƒ£
:mano_con_seÃ±al_de_victoria_tono_de_piel_claro:,âœŒğŸ»
:chef_hombre_tono_de_piel_oscuro_medio:,ğŸ‘¨ğŸ¾â€ğŸ³
:niÃ±a_tono_de_piel_oscuro:,ğŸ‘§ğŸ¿
:bretzel:,ğŸ¥¨
:bombero_hombre_tono_de_piel_oscuro_medio:,ğŸ‘¨ğŸ¾â€ğŸš’
:tono_de_piel_medio:,ğŸ½
:iglesia_celebrando_boda:,ğŸ’’
:linterna:,ğŸ”¦
:leÃ³n:,ğŸ¦
:cuadrado_negro_mediano-pequeÃ±o:,â—¾
:pera:,ğŸ
:persona_levantando_pesas:,ğŸ‹ï¸
:persona_en_posiciÃ³n_de_loto_tono_de_piel_claro_medio:,ğŸ§˜ğŸ¼
:diente:,ğŸ¦·
:ocho_y_media:,ğŸ•£
:castor:,ğŸ¦«
:cuchilla_de_afeitar:,ğŸª’
:antena_de_satÃ©lite:,ğŸ“¡
:nÃºmeros:,ğŸ”¢
:cantante_hombre_tono_de_piel_oscuro:,ğŸ‘¨ğŸ¿â€ğŸ¤
:familia_mujer_niÃ±a_niÃ±a:,ğŸ‘©â€ğŸ‘§â€ğŸ‘§
:oficinista_hombre_tono_de_piel_oscuro:,ğŸ‘¨ğŸ¿â€ğŸ’¼
:persona_jugando_al_balonmano_tono_de_piel_oscuro_medio:,ğŸ¤¾ğŸ¾
:bandera_madagascar:,ğŸ‡²ğŸ‡¬
:gotas_de_sudor:,ğŸ’¦
:tarro_de_miel:,ğŸ¯
:persona_cortÃ¡ndose_el_pelo_tono_de_piel_oscuro_medio:,ğŸ’‡ğŸ¾
:docente_mujer_tono_de_piel_medio:,ğŸ‘©ğŸ½â€ğŸ«
:hombre_tono_de_piel_medio:,ğŸ‘¨ğŸ½
:persona_sirena_tono_de_piel_claro_medio:,ğŸ§œğŸ¼
:roseta:,ğŸµï¸
:oreja_tono_de_piel_medio:,ğŸ‘‚ğŸ½
:gafas_de_sol:,ğŸ•¶ï¸
:cantante_tono_de_piel_medio:,ğŸ§‘ğŸ½â€ğŸ¤
:bandera_mÃ³naco:,ğŸ‡²ğŸ‡¨
:manos_aplaudiendo:,ğŸ‘
:cerdo:,ğŸ–
:calabaza_de_halloween:,ğŸƒ
:bufanda:,ğŸ§£
:brÃºjula:,ğŸ§­
:coche:,ğŸš—
:camiseta:,ğŸ‘•
:persona_de_rodillas_tono_de_piel_oscuro:,ğŸ§ğŸ¿
:mano_levantada_tono_de_piel_claro_medio:,âœ‹ğŸ¼
:bandera_samoa_americana:,ğŸ‡¦ğŸ‡¸
:hombre_bailando_tono_de_piel_oscuro:,ğŸ•ºğŸ¿
:cuchillo_y_tenedor_con_un_plato:,ğŸ½ï¸
:hombre_tono_de_piel_medio_y_pelo_blanco:,ğŸ‘¨ğŸ½â€ğŸ¦³
:docente_hombre_tono_de_piel_oscuro_medio:,ğŸ‘¨ğŸ¾â€ğŸ«
:hierba:,ğŸŒ¿
:equipaje:,ğŸ§³
:sÃ­mbolo_de_sueÃ±o:,ğŸ’¤
:anciano_tono_de_piel_claro:,ğŸ‘´ğŸ»
:carnero:,ğŸ
:mujer_tono_de_piel_claro_medio_y_pelo_rizado:,ğŸ‘©ğŸ¼â€ğŸ¦±
:cuchillo_de_cocina:,ğŸ”ª
:bandera_nueva_zelanda:,ğŸ‡³ğŸ‡¿
:oficinista_hombre_tono_de_piel_claro_medio:,ğŸ‘¨ğŸ¼â€ğŸ’¼
:cubo:,ğŸª£
:bandera_bosnia_y_herzegovina:,ğŸ‡§ğŸ‡¦
:dedo_Ã­ndice_apuntÃ¡ndote_a_ti_tono_de_piel_oscuro_medio:,ğŸ«µğŸ¾
:grupo_sanguÃ­neo_a:,ğŸ…°ï¸
:cerezas:,ğŸ’
:tren_bala:,ğŸš…
:persona_adulta_sin_pelo:,ğŸ§‘â€ğŸ¦²
:noel_tono_de_piel_claro:,ğŸ§‘ğŸ»â€ğŸ„
:chef_tono_de_piel_oscuro:,ğŸ§‘ğŸ¿â€ğŸ³
:ropa_interior:,ğŸ©²
:familia_hombre_hombre_niÃ±a:,ğŸ‘¨â€ğŸ‘¨â€ğŸ‘§
:lazo_conmemorativo:,ğŸ—ï¸
:bÃ­ceps_flexionado:,ğŸ’ª
:persona_con_velo:,ğŸ‘°
:cÃ­rculo_negro:,âš«
:agua_no_potable:,ğŸš±
:bandera_montserrat:,ğŸ‡²ğŸ‡¸
:camioneta:,ğŸ›»
:prÃ­ncipe_tono_de_piel_oscuro_medio:,ğŸ¤´ğŸ¾
:fiscal_hombre_tono_de_piel_oscuro_medio:,ğŸ‘¨ğŸ¾â€âš–ï¸
:persona_frunciendo_el_ceÃ±o_tono_de_piel_claro:,ğŸ™ğŸ»
:profesional_de_la_agricultura_hombre_tono_de_piel_claro:,ğŸ‘¨ğŸ»â€ğŸŒ¾
:mujer_embarazada_tono_de_piel_claro:,ğŸ¤°ğŸ»
:cactus:,ğŸŒµ
:bandera_sierra_leona:,ğŸ‡¸ğŸ‡±
:bombilla:,ğŸ’¡
:niÃ±o_tono_de_piel_medio:,ğŸ‘¦ğŸ½
:grandes_almacenes:,ğŸ¬
:mano_pellizcando_tono_de_piel_claro:,ğŸ¤ğŸ»
:cara_suplicante:,ğŸ¥º
:abeja:,ğŸ
:bandera_sint_maarten:,ğŸ‡¸ğŸ‡½
:lÃ¡mpara_japonesa:,ğŸ®
:sÃ­mbolo_de_silla_de_ruedas:,â™¿
:5_en_punto:,ğŸ•”
:puÃ±o_hacia_la_izquierda_tono_de_piel_medio:,ğŸ¤›ğŸ½
:murciÃ©lago:,ğŸ¦‡
:profesional_de_la_ciencia_hombre_tono_de_piel_oscuro:,ğŸ‘¨ğŸ¿â€ğŸ”¬
:persona_con_la_mano_en_la_frente_tono_de_piel_oscuro:,ğŸ¤¦ğŸ¿
:artista_hombre:,ğŸ‘¨â€ğŸ¨
:aries:,â™ˆ
:teclas_8:,8ï¸âƒ£
:palmas_hacia_arriba_juntas_tono_de_piel_claro:,ğŸ¤²ğŸ»
:papelera:,ğŸ—‘ï¸
:biberÃ³n:,ğŸ¼
:profesional_de_la_agricultura_hombre_tono_de_piel_claro_medio:,ğŸ‘¨ğŸ¼â€ğŸŒ¾
:borrar:,ğŸ†‘
:guitarra:,ğŸ¸
:sierra_de_carpinterÃ­a:,ğŸªš
:ascensor:,ğŸ›—
:cara_besando_con_ojos_sonrientes:,ğŸ˜™
:profesional_de_la_ciencia_mujer_tono_de_piel_claro:,ğŸ‘©ğŸ»â€ğŸ”¬
:profesional_sanitario_hombre_tono_de_piel_claro:,ğŸ‘¨ğŸ»â€âš•ï¸
:temporizador:,â²
:oreja:,ğŸ‘‚
:lobo:,ğŸº
:bombero_hombre_tono_de_piel_claro_medio:,ğŸ‘¨ğŸ¼â€ğŸš’
:medalla_de_plata:,ğŸ¥ˆ
:silueta_de_busto:,ğŸ‘¤
:espiga_de_maÃ­z:,ğŸŒ½
:mujer_pelo_pelirrojo:,ğŸ‘©â€ğŸ¦°
:mujer_tono_de_piel_medio_y_sin_pelo:,ğŸ‘©ğŸ½â€ğŸ¦²
:piedra_de_curling:,ğŸ¥Œ
:peÃ³n_de_ajedrez:,â™Ÿï¸
:persona_adulta_pelo_rizado:,ğŸ§‘â€ğŸ¦±
:profesional_de_la_agricultura_mujer_tono_de_piel_claro_medio:,ğŸ‘©ğŸ¼â€ğŸŒ¾
:familia_hombre_mujer_niÃ±a_niÃ±o:,ğŸ‘¨â€ğŸ‘©â€ğŸ‘§â€ğŸ‘¦
:dÃ³nut:,ğŸ©
:bandera_vanuatu:,ğŸ‡»ğŸ‡º
:sÃ­mbolo_japonÃ©s_para_principiante:,ğŸ”°
:mano_haciendo_el_gesto_de_llamar_tono_de_piel_medio:,ğŸ¤™ğŸ½
:persona_cortÃ¡ndose_el_pelo:,ğŸ’‡
:persona_sirena_tono_de_piel_oscuro_medio:,ğŸ§œğŸ¾
:pie_tono_de_piel_medio:,ğŸ¦¶ğŸ½
:bomba:,ğŸ’£
:persona_encogida_de_hombros:,ğŸ¤·
:mujer_tono_de_piel_medio_y_pelo_pelirrojo:,ğŸ‘©ğŸ½â€ğŸ¦°
:tazÃ³n_de_tÃ©:,ğŸµ
:botÃ³n_ok:,ğŸ†—
:persona_caminando_tono_de_piel_oscuro:,ğŸš¶ğŸ¿
:familia_hombre_niÃ±a_niÃ±o:,ğŸ‘¨â€ğŸ‘§â€ğŸ‘¦
:manos_abiertas_tono_de_piel_oscuro:,ğŸ‘ğŸ¿
:dedo_Ã­ndice_hacia_arriba_tono_de_piel_claro_medio:,â˜ğŸ¼
:brillo_bajo:,ğŸ”…
:mujer_en_silla_de_ruedas_manual_tono_de_piel_claro_medio:,ğŸ‘©ğŸ¼â€ğŸ¦½
:cara_sonriendo_con_superioridad:,ğŸ˜
:lugar_de_culto:,ğŸ›
:papÃ¡_noel_tono_de_piel_medio:,ğŸ…ğŸ½
:reloj_de_arena_sin_tiempo:,âŒ›
:mano_pellizcando_tono_de_piel_medio:,ğŸ¤ğŸ½
:mano_abierta_tono_de_piel_medio:,ğŸ–ğŸ½
:dedos_juntos_apuntando_hacia_arriba_tono_de_piel_claro_medio:,ğŸ¤ŒğŸ¼
:mano_con_dedo_Ã­ndice_y_pulgar_cruzados_tono_de_piel_claro:,ğŸ«°ğŸ»
:pollito_de_frente:,ğŸ¥
:manos_aplaudiendo_tono_de_piel_claro_medio:,ğŸ‘ğŸ¼
:bandera_venezuela:,ğŸ‡»ğŸ‡ª
:hombre_con_bastÃ³n_tono_de_piel_oscuro_medio:,ğŸ‘¨ğŸ¾â€ğŸ¦¯
:estrella_fugaz:,ğŸŒ 
:balÃ³n_de_fÃºtbol_americano:,ğŸˆ
:sÃ­mbolo_de_medicina:,âš•ï¸
:saurÃ³podo:,ğŸ¦•
:persona_en_una_sauna_tono_de_piel_claro_medio:,ğŸ§–ğŸ¼
:persona_encogida_de_hombros_tono_de_piel_claro:,ğŸ¤·ğŸ»
:cara_de_empollÃ³n:,ğŸ¤“
:persona_recibiendo_masaje_tono_de_piel_claro_medio:,ğŸ’†ğŸ¼
:corazÃ³n_con_lazo:,ğŸ’
:selfi:,ğŸ¤³
:bogavante:,ğŸ¦
:cubito_de_hielo:,ğŸ§Š
:timbre_de_hotel:,ğŸ›ï¸
:persona_haciendo_surf_tono_de_piel_medio:,ğŸ„ğŸ½
:bebida_caliente:,â˜•
:cara_con_ojos_en_espiral:,ğŸ˜µâ€ğŸ’«
:bandera_emiratos_Ã¡rabes_unidos:,ğŸ‡¦ğŸ‡ª
:chef_mujer:,ğŸ‘©â€ğŸ³
:ardilla:,ğŸ¿
:huellas_de_pezuÃ±as:,ğŸ¾
:tamal:,ğŸ«”
:persona_adulta:,ğŸ§‘
:copo_de_nieve:,â„
:casa_abandonada:,ğŸšï¸
:bandera_botsuana:,ğŸ‡§ğŸ‡¼
:corazÃ³n_brillante:,ğŸ’–
:persona_en_una_sauna_tono_de_piel_oscuro_medio:,ğŸ§–ğŸ¾
:violÃ­n:,ğŸ»
:camiÃ³n_de_reparto:,ğŸšš
:mano_escribiendo:,âœï¸
:persona_de_pie:,ğŸ§
:persona_sorda_tono_de_piel_claro:,ğŸ§ğŸ»
:mujer_en_silla_de_ruedas_elÃ©ctrica_tono_de_piel_medio:,ğŸ‘©ğŸ½â€ğŸ¦¼
:dango:,ğŸ¡
:marcapÃ¡ginas:,ğŸ”–
:cara_de_bostezo:,ğŸ¥±
:bandera_tailandia:,ğŸ‡¹ğŸ‡­
:coche_de_bomberos:,ğŸš’
:prÃ­ncipe_tono_de_piel_medio:,ğŸ¤´ğŸ½
:bengala:,ğŸ‡
:bandera_egipto:,ğŸ‡ªğŸ‡¬
:hombre_tono_de_piel_oscuro_medio:,ğŸ‘¨ğŸ¾
:tableta_de_chocolate:,ğŸ«
:apretÃ³n_de_manos_tono_de_piel_oscuro_medio_y_tono_de_piel_medio:,ğŸ«±ğŸ¾â€ğŸ«²ğŸ½
:hada_tono_de_piel_claro_medio:,ğŸ§šğŸ¼
:persona_recibiendo_masaje:,ğŸ’†
:ola_de_mar:,ğŸŒŠ
:mujer_tono_de_piel_claro_medio_y_sin_pelo:,ğŸ‘©ğŸ¼â€ğŸ¦²
:infante_tono_de_piel_oscuro_medio:,ğŸ§’ğŸ¾
:mano_levantada:,âœ‹
:persona_sorda:,ğŸ§
:hada_tono_de_piel_medio:,ğŸ§šğŸ½
:persona_haciendo_el_gesto_de_de_acuerdo_tono_de_piel_claro:,ğŸ™†ğŸ»
:hombre_trajeado_levitando:,ğŸ•´ï¸
:doce_y_media:,ğŸ•§
:dos_siluetas_de_bustos:,ğŸ‘¥
:corazÃ³n_humano:,ğŸ«€
:profesional_industrial_hombre:,ğŸ‘¨â€ğŸ­
:manzana_roja:,ğŸ
:bandera_yemen:,ğŸ‡¾ğŸ‡ª
:bebÃ©_Ã¡ngel_tono_de_piel_claro:,ğŸ‘¼ğŸ»
:bandera_burkina_faso:,ğŸ‡§ğŸ‡«
:bebÃ©:,ğŸ‘¶
:profesional_de_la_tecnologÃ­a_tono_de_piel_claro_medio:,ğŸ§‘ğŸ¼â€ğŸ’»
:papÃ¡_noel_tono_de_piel_oscuro:,ğŸ…ğŸ¿
:persona_haciendo_una_reverencia_tono_de_piel_oscuro_medio:,ğŸ™‡ğŸ¾
:bandera_turquÃ­a:,ğŸ‡¹ğŸ‡·
:muÃ±eco_de_nieve_con_nieve:,â˜ƒ
:persona_de_mostrador_de_informaciÃ³n_tono_de_piel_oscuro_medio:,ğŸ’ğŸ¾
:buzÃ³n_abierto_con_la_bandera_bajada:,ğŸ“­
:prohibido_para_menos_de_18_aÃ±os:,ğŸ”
:mujer_bailando_tono_de_piel_claro:,ğŸ’ƒğŸ»
:elefante:,ğŸ˜
:oficinista_hombre_tono_de_piel_medio:,ğŸ‘¨ğŸ½â€ğŸ’¼
:persona_con_barba_tono_de_piel_claro_medio:,ğŸ§”ğŸ¼
:anciana_tono_de_piel_oscuro_medio:,ğŸ‘µğŸ¾
:bandera_china:,ğŸ‡¨ğŸ‡³
:bandera_san_pedro_y_miquelÃ³n:,ğŸ‡µğŸ‡²
:bolsas_de_compras:,ğŸ›
:cara_en_las_nubes:,ğŸ˜¶â€ğŸŒ«ï¸
:bandera_groenlandia:,ğŸ‡¬ğŸ‡±
:familia_hombre_mujer_niÃ±o_niÃ±o:,ğŸ‘¨â€ğŸ‘©â€ğŸ‘¦â€ğŸ‘¦
:sofÃ¡_y_lÃ¡mpara:,ğŸ›‹ï¸
:extintor:,ğŸ§¯
:calcetines:,ğŸ§¦
:corazÃ³n_amarillo:,ğŸ’›
:familia_mujer_niÃ±a_niÃ±o:,ğŸ‘©â€ğŸ‘§â€ğŸ‘¦
:cucaracha:,ğŸª³
:artista_mujer_tono_de_piel_medio:,ğŸ‘©ğŸ½â€ğŸ¨
:ideograma_japonÃ©s_para_secreto:,ãŠ™ï¸
:bocadillo_de_pensamiento:,ğŸ’­
:bola_de_cristal:,ğŸ”®
:trineo:,ğŸ›·
:persona_con_la_mano_levantada_tono_de_piel_medio:,ğŸ™‹ğŸ½
:tirita:,ğŸ©¹
:persona_maga_tono_de_piel_oscuro_medio:,ğŸ§™ğŸ¾
:mariquita:,ğŸ
:cÃ­rculo_naranja:,ğŸŸ 
:rombo_azul_pequeÃ±o:,ğŸ”¹
:bandera_sudÃ¡n:,ğŸ‡¸ğŸ‡©
:vaso_de_leche:,ğŸ¥›
:cara_babeando:,ğŸ¤¤
:familia_hombre_y_niÃ±o:,ğŸ‘¨â€ğŸ‘¦
:bandera_afganistÃ¡n:,ğŸ‡¦ğŸ‡«
:bandera_islas_georgia_del_sur_y_sandwich_del_sur:,ğŸ‡¬ğŸ‡¸
:persona_haciendo_voltereta_lateral_tono_de_piel_medio:,ğŸ¤¸ğŸ½
:flecha_top:,ğŸ”
:trofeo:,ğŸ†
:pulgar_hacia_arriba_tono_de_piel_oscuro:,ğŸ‘ğŸ¿
:persona_sorda_tono_de_piel_oscuro_medio:,ğŸ§ğŸ¾
:dedo_Ã­ndice_apuntÃ¡ndote_a_ti:,ğŸ«µ
:gallina:,ğŸ”
:princesa_tono_de_piel_claro:,ğŸ‘¸ğŸ»
:bandera_eritrea:,ğŸ‡ªğŸ‡·
:carrito_de_la_compra:,ğŸ›’
:cara_sonriendo_con_corazones:,ğŸ¥°
:persona_en_la_cama_tono_de_piel_claro:,ğŸ›ŒğŸ»
:persona_cortÃ¡ndose_el_pelo_tono_de_piel_medio:,ğŸ’‡ğŸ½
:familia_hombre_mujer_niÃ±a:,ğŸ‘¨â€ğŸ‘©â€ğŸ‘§
:luna_gibosa_creciente:,ğŸŒ”
:mujer_con_bastÃ³n_tono_de_piel_claro_medio:,ğŸ‘©ğŸ¼â€ğŸ¦¯
:bandera_niue:,ğŸ‡³ğŸ‡º
:persona_en_bicicleta_de_montaÃ±a_tono_de_piel_medio:,ğŸšµğŸ½
:persona_adulta_rubia_tono_de_piel_medio:,ğŸ‘±ğŸ½
:persona_de_pie_tono_de_piel_claro_medio:,ğŸ§ğŸ¼
:nudo:,ğŸª¢
:bandera_del_arcoÃ­ris:,ğŸ³ï¸â€ğŸŒˆ
:pÃ¡jaro:,ğŸ¦
:bola_de_arroz:,ğŸ™
:cara_sonriendo_con_sudor_frÃ­o:,ğŸ˜…
:bÃ­ceps_flexionado_tono_de_piel_oscuro_medio:,ğŸ’ªğŸ¾
:caniche:,ğŸ©
:persona_trajeada_levitando_tono_de_piel_oscuro_medio:,ğŸ•´ğŸ¾
:bandera_dominica:,ğŸ‡©ğŸ‡²
:mujeres_de_la_mano_tono_de_piel_claro_y_tono_de_piel_claro_medio:,ğŸ‘©ğŸ»â€ğŸ¤â€ğŸ‘©ğŸ¼
:nariz_tono_de_piel_oscuro_medio:,ğŸ‘ƒğŸ¾
:gorila:,ğŸ¦
:bandera_laos:,ğŸ‡±ğŸ‡¦
:bandera_bielorrusia:,ğŸ‡§ğŸ‡¾
:mujer_tono_de_piel_claro_medio:,ğŸ‘©ğŸ¼
:bolso:,ğŸ‘œ
:persona_haciendo_voltereta_lateral_tono_de_piel_oscuro:,ğŸ¤¸ğŸ¿
:prÃ­ncipe_tono_de_piel_claro_medio:,ğŸ¤´ğŸ¼
:puÃ±o_cerrado_tono_de_piel_claro_medio:,ğŸ‘ŠğŸ¼
:cara_pensativa:,ğŸ¤”
:persona_mayor_tono_de_piel_oscuro_medio:,ğŸ§“ğŸ¾
:mano_escribiendo_tono_de_piel_oscuro_medio:,âœğŸ¾
:artista_mujer_tono_de_piel_oscuro_medio:,ğŸ‘©ğŸ¾â€ğŸ¨
:personaje_de_superhÃ©roe_tono_de_piel_medio:,ğŸ¦¸ğŸ½
:chef_mujer_tono_de_piel_oscuro_medio:,ğŸ‘©ğŸ¾â€ğŸ³
:persona_trajeada_levitando_tono_de_piel_medio:,ğŸ•´ğŸ½
:marca_registrada:,Â®
:chef_hombre_tono_de_piel_claro_medio:,ğŸ‘¨ğŸ¼â€ğŸ³
:dorso_de_mano_con_Ã­ndice_hacia_arriba_tono_de_piel_oscuro:,ğŸ‘†ğŸ¿
:bandera_rae_de_hong_kong_(china):,ğŸ‡­ğŸ‡°
:elfo_tono_de_piel_claro_medio:,ğŸ§ğŸ¼
:ferrocarril_de_suspensiÃ³n:,ğŸšŸ
:cuadrado_marrÃ³n:,ğŸŸ«
:noel_tono_de_piel_oscuro_medio:,ğŸ§‘ğŸ¾â€ğŸ„
:hombre_alimentando_a_bebÃ©_tono_de_piel_claro:,ğŸ‘¨ğŸ»â€ğŸ¼
:manos_levantadas_celebrando_tono_de_piel_oscuro:,ğŸ™ŒğŸ¿
:cara_de_mentiroso:,ğŸ¤¥
:dorso_de_mano_con_Ã­ndice_a_la_izquierda_tono_de_piel_oscuro:,ğŸ‘ˆğŸ¿
:cebolla:,ğŸ§…
:persona_haciendo_voltereta_lateral:,ğŸ¤¸
:grÃ¡fico_de_barras:,ğŸ“Š
:palmas_hacia_arriba_juntas_tono_de_piel_medio:,ğŸ¤²ğŸ½
:berenjena:,ğŸ†
:mano_haciendo_el_signo_de_cuernos_tono_de_piel_oscuro:,ğŸ¤˜ğŸ¿
:lactancia_materna_tono_de_piel_medio:,ğŸ¤±ğŸ½
:letrero:,ğŸª§
:cÃ­rculo_marrÃ³n:,ğŸŸ¤
:dedo_Ã­ndice_apuntÃ¡ndote_a_ti_tono_de_piel_claro_medio:,ğŸ«µğŸ¼
:control_de_pasaportes:,ğŸ›‚
:acordeÃ³n:,ğŸª—
:profesional_de_la_agricultura_hombre_tono_de_piel_medio:,ğŸ‘¨ğŸ½â€ğŸŒ¾
:unicornio:,ğŸ¦„
:cabaÃ±a:,ğŸ›–
:camello:,ğŸ«
:dedo_corazÃ³n_hacia_arriba_tono_de_piel_oscuro_medio:,ğŸ–•ğŸ¾
:fondue:,ğŸ«•
:hojas_revoloteando_al_viento:,ğŸƒ
:mujeres_de_la_mano_tono_de_piel_medio:,ğŸ‘­ğŸ½
:bombera:,ğŸ‘©â€ğŸš’
:billete_de_dÃ³lar:,ğŸ’µ
:sol_detrÃ¡s_de_una_nube:,â›…
:caja_de_herramientas:,ğŸ§°
:bolsa_de_dinero:,ğŸ’°
:cantante_hombre:,ğŸ‘¨â€ğŸ¤
:aguacate:,ğŸ¥‘
:dedo_corazÃ³n_hacia_arriba_tono_de_piel_oscuro:,ğŸ–•ğŸ¿
:cara_de_fiesta:,ğŸ¥³
:Ã¡guila:,ğŸ¦…
:sol:,â˜€
:persona_de_mostrador_de_informaciÃ³n_tono_de_piel_medio:,ğŸ’ğŸ½
:dodo:,ğŸ¦¤
:diez_y_media:,ğŸ•¥
:puÃ±o_hacia_la_derecha_tono_de_piel_claro:,ğŸ¤œğŸ»
:eslabÃ³n:,ğŸ”—
:pulpo:,ğŸ™
:bandera_marruecos:,ğŸ‡²ğŸ‡¦
:sÃ­mbolo_de_Ã¡tomo:,âš›ï¸
:pastel_de_luna:,ğŸ¥®
:profesional_de_la_mecÃ¡nica_hombre_tono_de_piel_claro_medio:,ğŸ‘¨ğŸ¼â€ğŸ”§
:mano_con_dedo_Ã­ndice_y_pulgar_cruzados_tono_de_piel_medio:,ğŸ«°ğŸ½
:nota_musical:,ğŸµ
:mano_pellizcando_tono_de_piel_oscuro_medio:,ğŸ¤ğŸ¾
:flecha_end:,ğŸ”š
:hilo:,ğŸ§µ
:ballena:,ğŸ‹
:persona_de_rodillas_tono_de_piel_oscuro_medio:,ğŸ§ğŸ¾
:puÃ±o_en_alto_tono_de_piel_oscuro:,âœŠğŸ¿
:triÃ¡ngulo_hacia_abajo:,ğŸ”½
:cara_derritiÃ©ndose:,ğŸ« 
:bandera_seychelles:,ğŸ‡¸ğŸ‡¨
:mujer_y_hombre_de_la_mano_tono_de_piel_medio_y_tono_de_piel_oscuro_medio:,ğŸ‘©ğŸ½â€ğŸ¤â€ğŸ‘¨ğŸ¾
:campanilla_de_viento:,ğŸ
:mujer_embarazada:,ğŸ¤°
:minidisc:,ğŸ’½
:persona_cortÃ¡ndose_el_pelo_tono_de_piel_claro:,ğŸ’‡ğŸ»
:bandera_argelia:,ğŸ‡©ğŸ‡¿
:tono_de_piel_oscuro:,ğŸ¿
:mujer_tono_de_piel_claro_y_pelo_rizado:,ğŸ‘©ğŸ»â€ğŸ¦±
:bandera_escocia:,ğŸ´ó §ó ¢ó ³ó £ó ´ó ¿
:cara_tapada_con_ojo_espiando:,ğŸ«£
:fiscal_hombre_tono_de_piel_claro:,ğŸ‘¨ğŸ»â€âš–ï¸
:mujer_sin_pelo:,ğŸ‘©â€ğŸ¦²
:gamba:,ğŸ¦
:persona_haciendo_surf_tono_de_piel_claro_medio:,ğŸ„ğŸ¼
:bebÃ©_Ã¡ngel_tono_de_piel_claro_medio:,ğŸ‘¼ğŸ¼
:jarra_de_cerveza:,ğŸº
:aviÃ³n_despegando:,ğŸ›«
:sÃ­mbolo_de_dÃ³lar:,ğŸ’²
:trol:,ğŸ§Œ
:cara_durmiendo:,ğŸ˜´
:manos_levantadas_celebrando:,ğŸ™Œ
:bocadillo_de_diÃ¡logo:,ğŸ’¬
:bandera_santa_elena:,ğŸ‡¸ğŸ‡­
:niÃ±a_tono_de_piel_oscuro_medio:,ğŸ‘§ğŸ¾
:hipopÃ³tamo:,ğŸ¦›
:persona_jugando_al_golf_tono_de_piel_oscuro:,ğŸŒğŸ¿
:cara_de_conejo:,ğŸ°
:mujer_en_silla_de_ruedas_manual:,ğŸ‘©â€ğŸ¦½
:oreja_con_audÃ­fono_tono_de_piel_claro:,ğŸ¦»ğŸ»
:televisiÃ³n:,ğŸ“º
:puÃ±o_hacia_la_derecha_tono_de_piel_claro_medio:,ğŸ¤œğŸ¼
:dorso_de_mano_con_Ã­ndice_hacia_abajo_tono_de_piel_medio:,ğŸ‘‡ğŸ½
:sÃ­mbolo_de_enfado:,ğŸ’¢
:oreja_tono_de_piel_claro_medio:,ğŸ‘‚ğŸ¼
:agente_de_policÃ­a:,ğŸ‘®
:hombre_bailando_tono_de_piel_claro:,ğŸ•ºğŸ»
:mujer_embarazada_tono_de_piel_claro_medio:,ğŸ¤°ğŸ¼
:cadenas:,â›“ï¸
:cuadrado_negro_grande:,â¬›
:trampa_de_ratones:,ğŸª¤
:bebÃ©_tono_de_piel_medio:,ğŸ‘¶ğŸ½
:artista_hombre_tono_de_piel_oscuro:,ğŸ‘¨ğŸ¿â€ğŸ¨
:luna_en_cuarto_creciente:,ğŸŒ“
:archivador_de_tarjetas:,ğŸ—ƒ
:cantante_mujer_tono_de_piel_claro:,ğŸ‘©ğŸ»â€ğŸ¤
:bola_de_confeti:,ğŸŠ
:cara_lanzando_un_beso:,ğŸ˜˜
:persona_adulta_tono_de_piel_claro:,ğŸ§‘ğŸ»
:bola_de_desplazamiento:,ğŸ–²
:persona_recibiendo_masaje_tono_de_piel_claro:,ğŸ’†ğŸ»
:interrogaciÃ³n_blanca:,â”
:selfi_tono_de_piel_oscuro_medio:,ğŸ¤³ğŸ¾
:mÃ¡s:,â•
:notas_musicales:,ğŸ¶
:bandera_eslovenia:,ğŸ‡¸ğŸ‡®
:rinoceronte:,ğŸ¦
:dorso_de_mano_con_Ã­ndice_a_la_derecha_tono_de_piel_claro:,ğŸ‘‰ğŸ»
:bandera_argentina:,ğŸ‡¦ğŸ‡·
:bandera_bahamas:,ğŸ‡§ğŸ‡¸
:persona_escalando_tono_de_piel_claro:,ğŸ§—ğŸ»
:hombre_en_silla_de_ruedas_elÃ©ctrica_tono_de_piel_claro:,ğŸ‘¨ğŸ»â€ğŸ¦¼
:tortuga:,ğŸ¢
:bandera_anguila:,ğŸ‡¦ğŸ‡®
:loto:,ğŸª·
:persona_con_la_mano_levantada:,ğŸ™‹
:boca:,ğŸ‘„
:puÃ±o_hacia_la_izquierda_tono_de_piel_claro:,ğŸ¤›ğŸ»
:docente_hombre_tono_de_piel_claro_medio:,ğŸ‘¨ğŸ¼â€ğŸ«
:cara_sonriendo_con_ojos_sonrientes:,ğŸ˜„
:mujer_tono_de_piel_oscuro:,ğŸ‘©ğŸ¿
:piÃ±ata:,ğŸª…
:persona_trajeada_levitando_tono_de_piel_claro:,ğŸ•´ğŸ»
:mano_con_dedo_Ã­ndice_y_pulgar_cruzados_tono_de_piel_oscuro:,ğŸ«°ğŸ¿
:flamenco:,ğŸ¦©
:dedos_juntos_apuntando_hacia_arriba:,ğŸ¤Œ
:bombero_tono_de_piel_oscuro_medio:,ğŸ§‘ğŸ¾â€ğŸš’
:pluma:,ğŸª¶
:niebla:,ğŸŒ«ï¸
:hombre_en_silla_de_ruedas_elÃ©ctrica_tono_de_piel_claro_medio:,ğŸ‘¨ğŸ¼â€ğŸ¦¼
:plÃ¡tano:,ğŸŒ
:bandera_paÃ­ses_bajos:,ğŸ‡³ğŸ‡±
:silla:,ğŸª‘
:puÃ±o_hacia_la_izquierda_tono_de_piel_claro_medio:,ğŸ¤›ğŸ¼
:prohibido:,ğŸš«
:mano_haciendo_el_gesto_de_llamar_tono_de_piel_claro_medio:,ğŸ¤™ğŸ¼
:persona_escalando_tono_de_piel_oscuro:,ğŸ§—ğŸ¿
:cara_con_ojos_abiertos_y_boca_tapada:,ğŸ«¢
:personas_con_orejas_de_conejo:,ğŸ‘¯
:familia_hombre_niÃ±a_niÃ±a:,ğŸ‘¨â€ğŸ‘§â€ğŸ‘§
:moto:,ğŸï¸
:vampiro_tono_de_piel_oscuro:,ğŸ§›ğŸ¿
:zanahoria:,ğŸ¥•
:billete_de_yen:,ğŸ’´
:correo_electrÃ³nico:,ğŸ“§
:persona_recibiendo_masaje_tono_de_piel_oscuro_medio:,ğŸ’†ğŸ¾
:pan_de_molde:,ğŸ
:persona_caminando:,ğŸš¶
:agente_de_policÃ­a_tono_de_piel_oscuro:,ğŸ‘®ğŸ¿
:bandera_mÃ©xico:,ğŸ‡²ğŸ‡½
:arÃ¡ndanos:,ğŸ«
:profesional_sanitario_mujer_tono_de_piel_claro:,ğŸ‘©ğŸ»â€âš•ï¸
:bandera_kiribati:,ğŸ‡°ğŸ‡®
:anciana_tono_de_piel_medio:,ğŸ‘µğŸ½
:ninja_tono_de_piel_medio:,ğŸ¥·ğŸ½
:dos_y_media:,ğŸ•
:seÃ±al_de_aprobaciÃ³n_con_la_mano:,ğŸ‘Œ
:bÃ­ceps_flexionado_tono_de_piel_claro:,ğŸ’ªğŸ»
:zapato_de_hombre:,ğŸ‘
:pintarse_las_uÃ±as_tono_de_piel_oscuro:,ğŸ’…ğŸ¿
:infante_tono_de_piel_claro_medio:,ğŸ§’ğŸ¼
:persona_adulta_tono_de_piel_medio_y_pelo_pelirrojo:,ğŸ§‘ğŸ½â€ğŸ¦°
:apretÃ³n_de_manos_tono_de_piel_claro_y_tono_de_piel_oscuro:,ğŸ«±ğŸ»â€ğŸ«²ğŸ¿
:vagÃ³n_de_tranvÃ­a:,ğŸš‹
:lacrosse:,ğŸ¥
:pÃ¡gina_doblada:,ğŸ“ƒ
:bandera_ecuador:,ğŸ‡ªğŸ‡¨
:persona_mayor_tono_de_piel_claro:,ğŸ§“ğŸ»
:manos_en_oraciÃ³n_tono_de_piel_oscuro_medio:,ğŸ™ğŸ¾
:estrella_brillante:,ğŸŒŸ
:cacahuetes:,ğŸ¥œ
:mapache:,ğŸ¦
:persona_en_bicicleta_de_montaÃ±a_tono_de_piel_oscuro:,ğŸšµğŸ¿
:seÃ±al_de_aseo_para_mujeres:,ğŸšº
:persona_levantando_pesas_tono_de_piel_oscuro_medio:,ğŸ‹ğŸ¾
:hombre_pelo_rizado:,ğŸ‘¨â€ğŸ¦±
:persona_nadando_tono_de_piel_claro_medio:,ğŸŠğŸ¼
:mandarina:,ğŸŠ
:saludo_vulcano_tono_de_piel_claro:,ğŸ––ğŸ»
:estudiante_mujer_tono_de_piel_oscuro_medio:,ğŸ‘©ğŸ¾â€ğŸ“
:tÃ©_de_burbujas:,ğŸ§‹
:familia_hombre_mujer_niÃ±a_niÃ±a:,ğŸ‘¨â€ğŸ‘©â€ğŸ‘§â€ğŸ‘§
:fresa:,ğŸ“
:microbio:,ğŸ¦ 
:magdalena:,ğŸ§
:bandera_reuniÃ³n:,ğŸ‡·ğŸ‡ª
:clips_unidos:,ğŸ–‡
:mano_haciendo_el_gesto_de_llamar_tono_de_piel_oscuro:,ğŸ¤™ğŸ¿
:persona_haciendo_voltereta_lateral_tono_de_piel_claro_medio:,ğŸ¤¸ğŸ¼
:lactancia_materna_tono_de_piel_oscuro_medio:,ğŸ¤±ğŸ¾
:profesional_sanitario_mujer_tono_de_piel_claro_medio:,ğŸ‘©ğŸ¼â€âš•ï¸
:libro_de_contabilidad:,ğŸ“’
:cÃ­rculo_blanco:,âšª
:osito_de_peluche:,ğŸ§¸
:dorso_de_mano_con_Ã­ndice_hacia_abajo_tono_de_piel_claro:,ğŸ‘‡ğŸ»
:cara_de_mono:,ğŸµ
:persona_adulta_tono_de_piel_medio_y_sin_pelo:,ğŸ§‘ğŸ½â€ğŸ¦²
:flecha_hacia_la_esquina_inferior_derecha:,â†˜
:sobre_rojo:,ğŸ§§
:puÃ±o_hacia_la_derecha_tono_de_piel_oscuro_medio:,ğŸ¤œğŸ¾
:aviÃ³n_aterrizando:,ğŸ›¬
:gofre:,ğŸ§‡
:estudiante_mujer:,ğŸ‘©â€ğŸ“
:amanecer_sobre_montaÃ±as:,ğŸŒ„
:bandera_maldivas:,ğŸ‡²ğŸ‡»
:tornillo_y_tuerca:,ğŸ”©
:cara_con_frÃ­o:,ğŸ¥¶
:vagÃ³n:,ğŸšƒ
:bandera_nÃ­ger:,ğŸ‡³ğŸ‡ª
:carpeta_de_archivos:,ğŸ“
:varita_mÃ¡gica:,ğŸª„
:persona_de_mostrador_de_informaciÃ³n_tono_de_piel_claro_medio:,ğŸ’ğŸ¼
:ovillo:,ğŸ§¶
:zorro:,ğŸ¦Š
:persona_de_pie_tono_de_piel_medio:,ğŸ§ğŸ½
:puesta_del_sol:,ğŸŒ‡
:carrera_de_caballos_tono_de_piel_oscuro_medio:,ğŸ‡ğŸ¾
:bandera_myanmar_(birmania):,ğŸ‡²ğŸ‡²
:corazÃ³n_verde:,ğŸ’š
:bandera_togo:,ğŸ‡¹ğŸ‡¬
:nariz_tono_de_piel_claro_medio:,ğŸ‘ƒğŸ¼
:chef:,ğŸ§‘â€ğŸ³
:telÃ©fono:,â˜ï¸
:martillo_y_llave_inglesa:,ğŸ› ï¸
:mujeres_de_la_mano_tono_de_piel_claro_medio:,ğŸ‘­ğŸ¼
:baÃ±era:,ğŸ›
:torre_de_tokio:,ğŸ—¼
:dado:,ğŸ²
:persona_cortÃ¡ndose_el_pelo_tono_de_piel_claro_medio:,ğŸ’‡ğŸ¼
:pie:,ğŸ¦¶
:gato_llorando_de_risa:,ğŸ˜¹
:mamÃ¡_noel_tono_de_piel_claro:,ğŸ¤¶ğŸ»
:monte_fuji:,ğŸ—»
:bandera_reino_unido:,ğŸ‡¬ğŸ‡§
:princesa_tono_de_piel_oscuro_medio:,ğŸ‘¸ğŸ¾
:infante:,ğŸ§’
:persona_haciendo_malabares_tono_de_piel_medio:,ğŸ¤¹ğŸ½
:cuadro_enmarcado:,ğŸ–¼ï¸
:cine:,ğŸ¦
:locomotora_de_vapor:,ğŸš‚
:cara_vomitando:,ğŸ¤®
:bandera_palaos:,ğŸ‡µğŸ‡¼
:cara_besando_con_los_ojos_cerrados:,ğŸ˜š
:comodÃ­n:,ğŸƒ
:imÃ¡n:,ğŸ§²
:muÃ±ecas_japonesas:,ğŸ
:mano_escribiendo_tono_de_piel_medio:,âœğŸ½
:bandera_islas_pitcairn:,ğŸ‡µğŸ‡³
:vaca:,ğŸ„
:mÃ³vil_con_una_flecha:,ğŸ“²
:persona_nadando_tono_de_piel_medio:,ğŸŠğŸ½
:mono_con_los_ojos_tapados:,ğŸ™ˆ
:cara_resoplando:,ğŸ˜¤
:cucurucho_de_helado:,ğŸ¦
:persona_haciendo_el_gesto_de_de_acuerdo_tono_de_piel_claro_medio:,ğŸ™†ğŸ¼
:mÃ¡scara_de_buceo:,ğŸ¤¿
:puÃ±o_hacia_la_izquierda:,ğŸ¤›
:imperdible:,ğŸ§·
:medalla_deportiva:,ğŸ…
:astronauta_hombre:,ğŸ‘¨â€ğŸš€
:copa_de_cÃ³ctel:,ğŸ¸
:cara_de_frustraciÃ³n:,ğŸ˜–
:seÃ±al_de_aprobaciÃ³n_con_la_mano_tono_de_piel_oscuro:,ğŸ‘ŒğŸ¿
:ordenador_de_sobremesa:,ğŸ–¥
:ninja:,ğŸ¥·
:princesa:,ğŸ‘¸
:persona_haciendo_surf_tono_de_piel_oscuro_medio:,ğŸ„ğŸ¾
:mujer_tono_de_piel_oscuro_medio_y_pelo_blanco:,ğŸ‘©ğŸ¾â€ğŸ¦³
:botÃ³n_cuadrado_con_borde_blanco:,ğŸ”³
:persona_haciendo_el_gesto_de_de_acuerdo_tono_de_piel_medio:,ğŸ™†ğŸ½
:bandera_indonesia:,ğŸ‡®ğŸ‡©
:dos_personas_de_la_mano_tono_de_piel_oscuro:,ğŸ§‘ğŸ¿â€ğŸ¤â€ğŸ§‘ğŸ¿
:persona_haciendo_el_gesto_de_no:,ğŸ™…
:personaje_de_superhÃ©roe_tono_de_piel_oscuro_medio:,ğŸ¦¸ğŸ¾
:profesional_de_la_tecnologÃ­a_mujer_tono_de_piel_medio:,ğŸ‘©ğŸ½â€ğŸ’»
:ideograma_japonÃ©s_para_completo:,ğŸˆµ
:tamboril:,ğŸª˜
:cara_estupefacta:,ğŸ˜¯
:hombre_bailando:,ğŸ•º
:persona_con_turbante_tono_de_piel_oscuro:,ğŸ‘³ğŸ¿
:pez:,ğŸŸ
:persona_en_bicicleta_tono_de_piel_medio:,ğŸš´ğŸ½
:grÃ¡fica_de_evoluciÃ³n_descendente:,ğŸ“‰
:puÃ±o_en_alto_tono_de_piel_claro:,âœŠğŸ»
:bÃ­ceps_flexionado_tono_de_piel_claro_medio:,ğŸ’ªğŸ¼
:bandera_portugal:,ğŸ‡µğŸ‡¹
:mano_levantada_tono_de_piel_oscuro_medio:,âœ‹ğŸ¾
:balÃ³n_de_baloncesto:,ğŸ€
:mano_con_dedo_Ã­ndice_y_pulgar_cruzados_tono_de_piel_claro_medio:,ğŸ«°ğŸ¼
:gesto_de_te_quiero_tono_de_piel_oscuro_medio:,ğŸ¤ŸğŸ¾
:bandera_naciones_unidas:,ğŸ‡ºğŸ‡³
:persona_adulta_tono_de_piel_medio:,ğŸ§‘ğŸ½
:calavera:,ğŸ’€
:cara_de_tigre:,ğŸ¯
:profesional_de_la_mecÃ¡nica_hombre:,ğŸ‘¨â€ğŸ”§
:cara_sonriendo_con_estrellas:,ğŸ¤©
:girasol:,ğŸŒ»
:bandera_jersey:,ğŸ‡¯ğŸ‡ª
:balÃ³n_de_rugby:,ğŸ‰
:artista_hombre_tono_de_piel_claro:,ğŸ‘¨ğŸ»â€ğŸ¨
:ceremonia_de_contemplaciÃ³n_de_la_luna:,ğŸ‘
:bandera_cÃ´te_dâ€™ivoire:,ğŸ‡¨ğŸ‡®
:espejo:,ğŸª
:cara_sonriendo_con_cuernos:,ğŸ˜ˆ
:gota_de_sangre:,ğŸ©¸
:persona_nadando_tono_de_piel_oscuro_medio:,ğŸŠğŸ¾
:siete_y_media:,ğŸ•¢
:persona_de_pie_tono_de_piel_oscuro:,ğŸ§ğŸ¿
:mujer_embarazada_tono_de_piel_medio:,ğŸ¤°ğŸ½
:bandera_papÃºa_nueva_guinea:,ğŸ‡µğŸ‡¬
:persona_en_bicicleta_tono_de_piel_oscuro:,ğŸš´ğŸ¿
:pÃ­ldora:,ğŸ’Š
:tarjeta_de_crÃ©dito:,ğŸ’³
:anciano_tono_de_piel_medio:,ğŸ‘´ğŸ½
:bata_de_laboratorio:,ğŸ¥¼
:hada_tono_de_piel_claro:,ğŸ§šğŸ»
:cuaderno_de_notas:,ğŸ“
:chef_mujer_tono_de_piel_claro:,ğŸ‘©ğŸ»â€ğŸ³
:mujer_y_hombre_de_la_mano_tono_de_piel_medio:,ğŸ‘«ğŸ½
:nube_con_nieve:,ğŸŒ¨
:niÃ±a_tono_de_piel_claro:,ğŸ‘§ğŸ»
:profesional_de_la_construcciÃ³n_tono_de_piel_claro_medio:,ğŸ‘·ğŸ¼
:mano_con_la_palma_hacia_abajo_tono_de_piel_claro:,ğŸ«³ğŸ»
:bandera_moldavia:,ğŸ‡²ğŸ‡©
:platillo_volante:,ğŸ›¸
:silla_de_ruedas_manual:,ğŸ¦½
:rosario:,ğŸ“¿
:profesional_de_la_construcciÃ³n_tono_de_piel_claro:,ğŸ‘·ğŸ»
:luna_en_cuarto_menguante:,ğŸŒ—
:avioneta:,ğŸ›©
:puÃ±o_hacia_la_derecha_tono_de_piel_medio:,ğŸ¤œğŸ½
:persona_con_velo_tono_de_piel_oscuro_medio:,ğŸ‘°ğŸ¾
:mujer_alimentando_a_bebÃ©_tono_de_piel_claro:,ğŸ‘©ğŸ»â€ğŸ¼
:rombo_naranja_pequeÃ±o:,ğŸ”¸
:noche_estrellada:,ğŸŒƒ
:copas_brindando:,ğŸ¥‚
:cara_con_la_boca_cerrada_con_cremallera:,ğŸ¤
:candado_con_pluma_estilogrÃ¡fica:,ğŸ”
:mujer_tono_de_piel_medio_y_pelo_rizado:,ğŸ‘©ğŸ½â€ğŸ¦±
:Ã¡baco:,ğŸ§®
:trolebÃºs:,ğŸš
:botÃ³n_up!:,ğŸ†™
:prÃ­ncipe_tono_de_piel_claro:,ğŸ¤´ğŸ»
:persona_en_silla_de_ruedas_manual_tono_de_piel_medio:,ğŸ§‘ğŸ½â€ğŸ¦½
:templo_hindÃº:,ğŸ›•
:pulgar_hacia_abajo_tono_de_piel_claro:,ğŸ‘ğŸ»
:persona_en_posiciÃ³n_de_loto_tono_de_piel_oscuro_medio:,ğŸ§˜ğŸ¾
:jarras_de_cerveza_brindando:,ğŸ»
:aparcamiento:,ğŸ…¿ï¸
:mano_saludando_tono_de_piel_claro_medio:,ğŸ‘‹ğŸ¼
:camiÃ³n_articulado:,ğŸš›
:persona_caminando_tono_de_piel_claro:,ğŸš¶ğŸ»
:marca_de_cruz:,âŒ
:pie_tono_de_piel_oscuro_medio:,ğŸ¦¶ğŸ¾
:mosca:,ğŸª°
:bandera_guinea:,ğŸ‡¬ğŸ‡³
:docente:,ğŸ§‘â€ğŸ«
:portapapeles:,ğŸ“‹
:bandera_colombia:,ğŸ‡¨ğŸ‡´
:caracola:,ğŸš
:pintalabios:,ğŸ’„
:conejo:,ğŸ‡
:niÃ±o_tono_de_piel_claro_medio:,ğŸ‘¦ğŸ¼
:niÃ±a:,ğŸ‘§
:persona_frunciendo_el_ceÃ±o_tono_de_piel_medio:,ğŸ™ğŸ½
:esquiador:,â›·ï¸
:fiscal_mujer_tono_de_piel_claro:,ğŸ‘©ğŸ»â€âš–ï¸
:apretÃ³n_de_manos_tono_de_piel_claro_y_tono_de_piel_medio:,ğŸ«±ğŸ»â€ğŸ«²ğŸ½
:casa_con_jardÃ­n:,ğŸ¡
:sagitario:,â™
:minibÃºs:,ğŸš
:pintarse_las_uÃ±as_tono_de_piel_oscuro_medio:,ğŸ’…ğŸ¾
:Ã¡nfora:,ğŸº
:bandera_letonia:,ğŸ‡±ğŸ‡»
:cara_sonriendo_ligeramente:,ğŸ™‚
:bandera_islas_salomÃ³n:,ğŸ‡¸ğŸ‡§
:manzana_verde:,ğŸ
:dorso_de_mano_con_Ã­ndice_hacia_arriba:,ğŸ‘†
:bandera_trinidad_y_tobago:,ğŸ‡¹ğŸ‡¹
:bandera_suecia:,ğŸ‡¸ğŸ‡ª
:cuchara:,ğŸ¥„
:cara_de_sueÃ±o:,ğŸ˜ª
:profesional_de_la_ciencia_mujer_tono_de_piel_oscuro:,ğŸ‘©ğŸ¿â€ğŸ”¬
:profesional_sanitario_hombre_tono_de_piel_oscuro_medio:,ğŸ‘¨ğŸ¾â€âš•ï¸
:fuego:,ğŸ”¥
:dedo_Ã­ndice_hacia_arriba_tono_de_piel_medio:,â˜ğŸ½
:demonio_japonÃ©s_oni:,ğŸ‘¹
:artista_hombre_tono_de_piel_claro_medio:,ğŸ‘¨ğŸ¼â€ğŸ¨
:zapatilla_deportiva:,ğŸ‘Ÿ
:esquÃ­s:,ğŸ¿
:velero:,â›µ
:artista_mujer_tono_de_piel_claro:,ğŸ‘©ğŸ»â€ğŸ¨
:bandera_isla_clipperton:,ğŸ‡¨ğŸ‡µ
:gato_enfadado:,ğŸ˜¾
:rollo_de_papel:,ğŸ§»
:persona_nadando_tono_de_piel_claro:,ğŸŠğŸ»
:banderÃ­n_de_carpas:,ğŸ
:persona_haciendo_el_gesto_de_no_tono_de_piel_claro:,ğŸ™…ğŸ»
:altavoz_a_volumen_medio:,ğŸ”‰
:cÃ­rculo_amarillo:,ğŸŸ¡
:mano_con_la_palma_hacia_arriba:,ğŸ«´
:pulgar_hacia_abajo_tono_de_piel_oscuro:,ğŸ‘ğŸ¿
:ambulancia:,ğŸš‘
:videocÃ¡mara:,ğŸ“¹
:Ã¡rbol_de_tanabata:,ğŸ‹
:palo_de_picas:,â™ 
:apretÃ³n_de_manos_tono_de_piel_claro_medio_y_tono_de_piel_oscuro_medio:,ğŸ«±ğŸ¼â€ğŸ«²ğŸ¾
:tono_de_piel_claro:,ğŸ»
:trÃ©bol_de_cuatro_hojas:,ğŸ€
:mujer_tono_de_piel_oscuro_y_sin_pelo:,ğŸ‘©ğŸ¿â€ğŸ¦²
:familia_hombre_y_niÃ±a:,ğŸ‘¨â€ğŸ‘§
:parada_de_autobÃºs:,ğŸš
:banjo:,ğŸª•
:bikini:,ğŸ‘™
:bandera_espaÃ±a:,ğŸ‡ªğŸ‡¸
:pulgar_hacia_abajo_tono_de_piel_claro_medio:,ğŸ‘ğŸ¼
:bandera_mauricio:,ğŸ‡²ğŸ‡º
:hotel:,ğŸ¨
:microscopio:,ğŸ”¬
:persona_en_la_baÃ±era_tono_de_piel_claro_medio:,ğŸ›€ğŸ¼
:cuadrado_blanco_mediano-pequeÃ±o:,â—½
:tetera:,ğŸ«–
:corneta_de_posta:,ğŸ“¯
:persona_haciendo_malabares_tono_de_piel_claro:,ğŸ¤¹ğŸ»
:pulgar_hacia_abajo_tono_de_piel_oscuro_medio:,ğŸ‘ğŸ¾
:persona_haciendo_malabares:,ğŸ¤¹
:persona_jugando_al_waterpolo_tono_de_piel_medio:,ğŸ¤½ğŸ½
:bandera_barbados:,ğŸ‡§ğŸ‡§
:seÃ±al_de_cajero_automÃ¡tico:,ğŸ§
:flecha_derecha_curvÃ¡ndose_a_la_izquierda:,â†©ï¸
:mÃ¡quina_tragaperras:,ğŸ°
:princesa_tono_de_piel_medio:,ğŸ‘¸ğŸ½
:estatua_moÃ¡i:,ğŸ—¿
:astronauta_tono_de_piel_claro:,ğŸ§‘ğŸ»â€ğŸš€
:mujer_con_bastÃ³n_tono_de_piel_oscuro_medio:,ğŸ‘©ğŸ¾â€ğŸ¦¯
:oficinista_mujer:,ğŸ‘©â€ğŸ’¼
:escorpio:,â™
:bandera_montenegro:,ğŸ‡²ğŸ‡ª
:cara_sin_expresiÃ³n:,ğŸ˜‘
:ladrillo:,ğŸ§±
:sinagoga:,ğŸ•
:persona_en_la_cama_tono_de_piel_medio:,ğŸ›ŒğŸ½
:bandera_perÃº:,ğŸ‡µğŸ‡ª
:persona_adulta_tono_de_piel_oscuro_medio_y_pelo_rizado:,ğŸ§‘ğŸ¾â€ğŸ¦±
:bandera_irÃ¡n:,ğŸ‡®ğŸ‡·
:vÃ­a_lÃ¡ctea:,ğŸŒŒ
:palmera:,ğŸŒ´
:astronauta_hombre_tono_de_piel_claro:,ğŸ‘¨ğŸ»â€ğŸš€
:tres_y_media:,ğŸ•
:persona_con_gorro_chino_tono_de_piel_claro_medio:,ğŸ‘²ğŸ¼
:carne_con_hueso:,ğŸ–
:modo_vibraciÃ³n:,ğŸ“³
:martillo:,ğŸ”¨
:cantante:,ğŸ§‘â€ğŸ¤
:bandera_nueva_caledonia:,ğŸ‡³ğŸ‡¨
:docente_mujer_tono_de_piel_claro:,ğŸ‘©ğŸ»â€ğŸ«
:silla_de_ruedas_elÃ©ctrica:,ğŸ¦¼
:bandera_antigua_y_barbuda:,ğŸ‡¦ğŸ‡¬
:teclas_10:,ğŸ”Ÿ
:persona_haciendo_una_reverencia_tono_de_piel_claro_medio:,ğŸ™‡ğŸ¼
:mujer_tono_de_piel_oscuro_medio_y_pelo_rizado:,ğŸ‘©ğŸ¾â€ğŸ¦±
:persona_de_mostrador_de_informaciÃ³n:,ğŸ’
:paquete:,ğŸ“¦
:persona_recibiendo_masaje_tono_de_piel_oscuro:,ğŸ’†ğŸ¿
:nariz:,ğŸ‘ƒ
:profesional_de_la_tecnologÃ­a_hombre_tono_de_piel_medio:,ğŸ‘¨ğŸ½â€ğŸ’»
:10_en_punto:,ğŸ•™
:labio_mordido:,ğŸ«¦
:persona_adulta_tono_de_piel_claro_medio:,ğŸ§‘ğŸ¼
:kiwi:,ğŸ¥
:dorso_de_la_mano_tono_de_piel_oscuro_medio:,ğŸ¤šğŸ¾
:mujer_tono_de_piel_claro_y_pelo_blanco:,ğŸ‘©ğŸ»â€ğŸ¦³
:prÃ­ncipe:,ğŸ¤´
:dumpling:,ğŸ¥Ÿ
:apretÃ³n_de_manos_tono_de_piel_oscuro:,ğŸ¤ğŸ¿
:tazÃ³n_de_fideos:,ğŸœ
:cara_con_monÃ³culo:,ğŸ§
:koala:,ğŸ¨
:bandera_san_vicente_y_las_granadinas:,ğŸ‡»ğŸ‡¨
:papÃ¡_noel_tono_de_piel_claro_medio:,ğŸ…ğŸ¼
:llama:,ğŸ¦™
:bandera_islas_feroe:,ğŸ‡«ğŸ‡´
:bandera_etiopÃ­a:,ğŸ‡ªğŸ‡¹
:calendario:,ğŸ“…
:12_en_punto:,ğŸ•›
:bola_negra_de_billar:,ğŸ±
:mano_saludando_tono_de_piel_oscuro_medio:,ğŸ‘‹ğŸ¾
:familia_mujer_y_niÃ±o:,ğŸ‘©â€ğŸ‘¦
:persona_embarazada:,ğŸ«„
:bandera_india:,ğŸ‡®ğŸ‡³
:pulgar_hacia_abajo:,ğŸ‘
:guardia:,ğŸ’‚
:puÃ±o_en_alto:,âœŠ
:bandera_san_bartolomÃ©:,ğŸ‡§ğŸ‡±
:persona_haciendo_esgrima:,ğŸ¤º
:bÃ­ceps_flexionado_tono_de_piel_medio:,ğŸ’ªğŸ½
:ratÃ³n:,ğŸ
:cara_sacando_la_lengua:,ğŸ˜›
:bebÃ©_Ã¡ngel:,ğŸ‘¼
:mono_con_los_oÃ­dos_tapados:,ğŸ™‰
:cara_gritando_de_miedo:,ğŸ˜±
:mujer_tono_de_piel_oscuro_y_pelo_pelirrojo:,ğŸ‘©ğŸ¿â€ğŸ¦°
:botÃ³n_new:,ğŸ†•
:nutria:,ğŸ¦¦
:astronauta_mujer_tono_de_piel_claro:,ğŸ‘©ğŸ»â€ğŸš€
:persona_jugando_al_waterpolo:,ğŸ¤½
:hombre_pelo_pelirrojo:,ğŸ‘¨â€ğŸ¦°
:corazones_giratorios:,ğŸ’
:bandera_tayikistÃ¡n:,ğŸ‡¹ğŸ‡¯
:buzÃ³n_cerrado_con_la_bandera_levantada:,ğŸ“«
:semÃ¡foro_horizontal:,ğŸš¥
:bandera_bulgaria:,ğŸ‡§ğŸ‡¬
:telefÃ©rico:,ğŸš¡
:agente_de_policÃ­a_tono_de_piel_medio:,ğŸ‘®ğŸ½
:comida_enlatada:,ğŸ¥«
:bandera_catar:,ğŸ‡¶ğŸ‡¦
:cÃ¡ncer:,â™‹
:mango:,ğŸ¥­
:familia:,ğŸ‘ª
:bandera_canadÃ¡:,ğŸ‡¨ğŸ‡¦
:oficinista_tono_de_piel_claro:,ğŸ§‘ğŸ»â€ğŸ’¼
:persona_con_corona_tono_de_piel_claro:,ğŸ«…ğŸ»
:bolos:,ğŸ³
:personaje_de_supervillano_tono_de_piel_oscuro_medio:,ğŸ¦¹ğŸ¾
:foca:,ğŸ¦­
:manos_formando_un_corazÃ³n_tono_de_piel_claro:,ğŸ«¶ğŸ»
:persona_en_la_baÃ±era_tono_de_piel_claro:,ğŸ›€ğŸ»
:cara_triste_pero_aliviada:,ğŸ˜¥
:anciano_tono_de_piel_oscuro_medio:,ğŸ‘´ğŸ¾
:mano_con_la_palma_hacia_arriba_tono_de_piel_medio:,ğŸ«´ğŸ½
:bandera_triangular:,ğŸš©
:ciudad_al_atardecer:,ğŸŒ†
:cara_con_el_ceÃ±o_fruncido_y_la_boca_abierta:,ğŸ˜¦
:bandera_ucrania:,ğŸ‡ºğŸ‡¦
:estudiante_mujer_tono_de_piel_medio:,ğŸ‘©ğŸ½â€ğŸ“
:infante_tono_de_piel_claro:,ğŸ§’ğŸ»
:mano_con_seÃ±al_de_victoria_tono_de_piel_claro_medio:,âœŒğŸ¼
:dedo_Ã­ndice_apuntÃ¡ndote_a_ti_tono_de_piel_claro:,ğŸ«µğŸ»
:bandera_japÃ³n:,ğŸ‡¯ğŸ‡µ
:bandera_puerto_rico:,ğŸ‡µğŸ‡·
:persona_con_bastÃ³n_tono_de_piel_medio:,ğŸ§‘ğŸ½â€ğŸ¦¯
:mano_haciendo_el_gesto_de_llamar_tono_de_piel_claro:,ğŸ¤™ğŸ»
:hombre_tono_de_piel_oscuro:,ğŸ‘¨ğŸ¿
:cara_de_dragÃ³n:,ğŸ²
:hada_tono_de_piel_oscuro:,ğŸ§šğŸ¿
:docente_hombre_tono_de_piel_medio:,ğŸ‘¨ğŸ½â€ğŸ«
